[
{
  "pk": 6, 
  "model": "data_manager.toc", 
  "fields": {
    "themes": [
      21, 
      27, 
      22, 
      25, 
      23
    ], 
    "name": "Essential Groundfish Habitat"
  }
},
{
  "pk": 21, 
  "model": "data_manager.toctheme", 
  "fields": {
    "layers": [
      387, 
      391, 
      388, 
      392, 
      389, 
      393, 
      385, 
      390, 
      394
    ], 
    "display_name": "Coral", 
    "name": "Coral", 
    "description": ""
  }
},
{
  "pk": 22, 
  "model": "data_manager.toctheme", 
  "fields": {
    "layers": [], 
    "display_name": "Fish", 
    "name": "Fish", 
    "description": ""
  }
},
{
  "pk": 23, 
  "model": "data_manager.toctheme", 
  "fields": {
    "layers": [
      407, 
      411, 
      415, 
      408, 
      412, 
      416, 
      409, 
      413, 
      417, 
      410, 
      414, 
      418, 
      438
    ], 
    "display_name": "People", 
    "name": "People", 
    "description": ""
  }
},
{
  "pk": 25, 
  "model": "data_manager.toctheme", 
  "fields": {
    "layers": [
      395, 
      419, 
      435, 
      420, 
      436, 
      421, 
      437, 
      422
    ], 
    "display_name": "Habitat", 
    "name": "Habitat", 
    "description": ""
  }
},
{
  "pk": 27, 
  "model": "data_manager.toctheme", 
  "fields": {
    "layers": [
      399, 
      403, 
      419, 
      427, 
      396, 
      400, 
      404, 
      420, 
      424, 
      428, 
      397, 
      401, 
      405, 
      421, 
      425, 
      429, 
      398, 
      402, 
      406, 
      422, 
      426
    ], 
    "display_name": "Management", 
    "name": "Management", 
    "description": ""
  }
},
{
  "pk": 385, 
  "model": "data_manager.layer", 
  "fields": {
    "layer_type": "XYZ", 
    "themes": [], 
    "is_sublayer": false, 
    "compress_display": false, 
    "map_tiles": null, 
    "legend_subtitle": "", 
    "filterable": false, 
    "vector_graphic": "", 
    "kml": null, 
    "source": "", 
    "lookup_table": [], 
    "proj": null, 
    "utfurl": "", 
    "data_download": "", 
    "metadata": "", 
    "opacity": 0.5, 
    "vector_color": "", 
    "attribute_event": "click", 
    "description": "", 
    "attribute_fields": [], 
    "vector_fill": null, 
    "data_overview": null, 
    "slug_name": "corals-and-sponges-1km-presence", 
    "summarize_to_grid": false, 
    "lookup_field": "", 
    "legend": "", 
    "shareable_url": true, 
    "data_source": "", 
    "data_notes": "", 
    "name": "Corals and Sponges 1km Presence", 
    "sublayers": [], 
    "url": "http://tiles.ecotrust.org/tiles/PEW_Corals_and_Sponges_1km_presence/${z}/${x}/${y}.png", 
    "proxy_url": false, 
    "arcgis_layers": "", 
    "bookmark": null, 
    "legend_title": "", 
    "attribute_title": "", 
    "utfjsonp": false, 
    "wms_slug": null
  }
},
{
  "pk": 387, 
  "model": "data_manager.layer", 
  "fields": {
    "layer_type": "XYZ", 
    "themes": [], 
    "is_sublayer": false, 
    "compress_display": false, 
    "map_tiles": null, 
    "legend_subtitle": "", 
    "filterable": false, 
    "vector_graphic": "", 
    "kml": null, 
    "source": "", 
    "lookup_table": [], 
    "proj": null, 
    "utfurl": "", 
    "data_download": "", 
    "metadata": "", 
    "opacity": 0.5, 
    "vector_color": "", 
    "attribute_event": "click", 
    "description": "", 
    "attribute_fields": [], 
    "vector_fill": null, 
    "data_overview": null, 
    "slug_name": "corals-and-sponges-2km-abundance", 
    "summarize_to_grid": false, 
    "lookup_field": "", 
    "legend": "", 
    "shareable_url": true, 
    "data_source": "", 
    "data_notes": "", 
    "name": "Corals and Sponges 2km abundance", 
    "sublayers": [], 
    "url": "http://tiles.ecotrust.org/tiles/PEW_Corals_and_Sponges_2km_abundance/${z}/${x}/${y}.png", 
    "proxy_url": false, 
    "arcgis_layers": "", 
    "bookmark": null, 
    "legend_title": "", 
    "attribute_title": "", 
    "utfjsonp": false, 
    "wms_slug": null
  }
},
{
  "pk": 388, 
  "model": "data_manager.layer", 
  "fields": {
    "layer_type": "XYZ", 
    "themes": [], 
    "is_sublayer": false, 
    "compress_display": false, 
    "map_tiles": null, 
    "legend_subtitle": "", 
    "filterable": false, 
    "vector_graphic": "", 
    "kml": null, 
    "source": "", 
    "lookup_table": [], 
    "proj": null, 
    "utfurl": "", 
    "data_download": "", 
    "metadata": "", 
    "opacity": 0.5, 
    "vector_color": "", 
    "attribute_event": "click", 
    "description": "", 
    "attribute_fields": [], 
    "vector_fill": null, 
    "data_overview": null, 
    "slug_name": "coral-and-sponges-predicted-habitat-suitability", 
    "summarize_to_grid": false, 
    "lookup_field": "", 
    "legend": "", 
    "shareable_url": true, 
    "data_source": "", 
    "data_notes": "", 
    "name": "Coral and Sponges Predicted Habitat Suitability", 
    "sublayers": [], 
    "url": "http://tiles.ecotrust.org/tiles/PEW_coral_sponge_pred_hab_suit_all/${z}/${x}/${y}.png", 
    "proxy_url": false, 
    "arcgis_layers": "", 
    "bookmark": null, 
    "legend_title": "", 
    "attribute_title": "", 
    "utfjsonp": false, 
    "wms_slug": null
  }
},
{
  "pk": 389, 
  "model": "data_manager.layer", 
  "fields": {
    "layer_type": "XYZ", 
    "themes": [], 
    "is_sublayer": false, 
    "compress_display": false, 
    "map_tiles": null, 
    "legend_subtitle": "", 
    "filterable": false, 
    "vector_graphic": "", 
    "kml": null, 
    "source": "", 
    "lookup_table": [], 
    "proj": null, 
    "utfurl": "", 
    "data_download": "", 
    "metadata": "", 
    "opacity": 0.5, 
    "vector_color": "", 
    "attribute_event": "click", 
    "description": "", 
    "attribute_fields": [], 
    "vector_fill": null, 
    "data_overview": null, 
    "slug_name": "coral-and-sponges-predicted-habitat-suit_order_antip", 
    "summarize_to_grid": false, 
    "lookup_field": "", 
    "legend": "", 
    "shareable_url": true, 
    "data_source": "", 
    "data_notes": "", 
    "name": "Coral and Sponges Predicted Habitat Suit_order_antip", 
    "sublayers": [], 
    "url": "http://tiles.ecotrust.org/tiles/PEW_coral_sponge_pred_hab_suit_order_antip/${z}/${x}/${y}.png", 
    "proxy_url": false, 
    "arcgis_layers": "", 
    "bookmark": null, 
    "legend_title": "", 
    "attribute_title": "", 
    "utfjsonp": false, 
    "wms_slug": null
  }
},
{
  "pk": 390, 
  "model": "data_manager.layer", 
  "fields": {
    "layer_type": "XYZ", 
    "themes": [], 
    "is_sublayer": false, 
    "compress_display": false, 
    "map_tiles": null, 
    "legend_subtitle": "", 
    "filterable": false, 
    "vector_graphic": "", 
    "kml": null, 
    "source": "", 
    "lookup_table": [], 
    "proj": null, 
    "utfurl": "", 
    "data_download": "", 
    "metadata": "", 
    "opacity": 0.5, 
    "vector_color": "", 
    "attribute_event": "click", 
    "description": "", 
    "attribute_fields": [], 
    "vector_fill": null, 
    "data_overview": null, 
    "slug_name": "coral-and-sponges-predicted-habitat-suit_order_sclr", 
    "summarize_to_grid": false, 
    "lookup_field": "", 
    "legend": "", 
    "shareable_url": true, 
    "data_source": "", 
    "data_notes": "", 
    "name": "Coral and Sponges Predicted Habitat Suit_order_sclr", 
    "sublayers": [], 
    "url": "http://tiles.ecotrust.org/tiles/PEW_coral_sponge_pred_hab_suit_order_sclr/${z}/${x}/${y}.png", 
    "proxy_url": false, 
    "arcgis_layers": "", 
    "bookmark": null, 
    "legend_title": "", 
    "attribute_title": "", 
    "utfjsonp": false, 
    "wms_slug": null
  }
},
{
  "pk": 391, 
  "model": "data_manager.layer", 
  "fields": {
    "layer_type": "XYZ", 
    "themes": [], 
    "is_sublayer": false, 
    "compress_display": false, 
    "map_tiles": null, 
    "legend_subtitle": "", 
    "filterable": false, 
    "vector_graphic": "", 
    "kml": null, 
    "source": "", 
    "lookup_table": [], 
    "proj": null, 
    "utfurl": "", 
    "data_download": "", 
    "metadata": "", 
    "opacity": 0.5, 
    "vector_color": "", 
    "attribute_event": "click", 
    "description": "", 
    "attribute_fields": [], 
    "vector_fill": null, 
    "data_overview": null, 
    "slug_name": "pew_coral_sponge_pred_hab_suit_sub_alcy", 
    "summarize_to_grid": false, 
    "lookup_field": "", 
    "legend": "", 
    "shareable_url": true, 
    "data_source": "", 
    "data_notes": "", 
    "name": "PEW_coral_sponge_pred_hab_suit_sub_alcy", 
    "sublayers": [], 
    "url": "http://tiles.ecotrust.org/tiles/PEW_coral_sponge_pred_hab_suit_sub_alcy/${z}/${x}/${y}.png", 
    "proxy_url": false, 
    "arcgis_layers": "", 
    "bookmark": null, 
    "legend_title": "", 
    "attribute_title": "", 
    "utfjsonp": false, 
    "wms_slug": null
  }
},
{
  "pk": 392, 
  "model": "data_manager.layer", 
  "fields": {
    "layer_type": "XYZ", 
    "themes": [], 
    "is_sublayer": false, 
    "compress_display": false, 
    "map_tiles": null, 
    "legend_subtitle": "", 
    "filterable": false, 
    "vector_graphic": "", 
    "kml": null, 
    "source": "", 
    "lookup_table": [], 
    "proj": null, 
    "utfurl": "", 
    "data_download": "", 
    "metadata": "", 
    "opacity": 0.5, 
    "vector_color": "", 
    "attribute_event": "click", 
    "description": "", 
    "attribute_fields": [], 
    "vector_fill": null, 
    "data_overview": null, 
    "slug_name": "pew_coral_sponge_pred_hab_suit_sub_calc", 
    "summarize_to_grid": false, 
    "lookup_field": "", 
    "legend": "", 
    "shareable_url": true, 
    "data_source": "", 
    "data_notes": "", 
    "name": "PEW_coral_sponge_pred_hab_suit_sub_calc", 
    "sublayers": [], 
    "url": "http://tiles.ecotrust.org/tiles/PEW_coral_sponge_pred_hab_suit_sub_calc/${z}/${x}/${y}.png", 
    "proxy_url": false, 
    "arcgis_layers": "", 
    "bookmark": null, 
    "legend_title": "", 
    "attribute_title": "", 
    "utfjsonp": false, 
    "wms_slug": null
  }
},
{
  "pk": 393, 
  "model": "data_manager.layer", 
  "fields": {
    "layer_type": "XYZ", 
    "themes": [], 
    "is_sublayer": false, 
    "compress_display": false, 
    "map_tiles": null, 
    "legend_subtitle": "", 
    "filterable": false, 
    "vector_graphic": "", 
    "kml": null, 
    "source": "", 
    "lookup_table": [], 
    "proj": null, 
    "utfurl": "", 
    "data_download": "", 
    "metadata": "", 
    "opacity": 0.5, 
    "vector_color": "", 
    "attribute_event": "click", 
    "description": "", 
    "attribute_fields": [], 
    "vector_fill": null, 
    "data_overview": null, 
    "slug_name": "pew_coral_sponge_pred_hab_suit_sub_hola", 
    "summarize_to_grid": false, 
    "lookup_field": "", 
    "legend": "", 
    "shareable_url": true, 
    "data_source": "", 
    "data_notes": "", 
    "name": "PEW_coral_sponge_pred_hab_suit_sub_hola", 
    "sublayers": [], 
    "url": "http://tiles.ecotrust.org/tiles/PEW_coral_sponge_pred_hab_suit_sub_hola/${z}/${x}/${y}.png", 
    "proxy_url": false, 
    "arcgis_layers": "", 
    "bookmark": null, 
    "legend_title": "", 
    "attribute_title": "", 
    "utfjsonp": false, 
    "wms_slug": null
  }
},
{
  "pk": 394, 
  "model": "data_manager.layer", 
  "fields": {
    "layer_type": "XYZ", 
    "themes": [], 
    "is_sublayer": false, 
    "compress_display": false, 
    "map_tiles": null, 
    "legend_subtitle": "", 
    "filterable": false, 
    "vector_graphic": "", 
    "kml": null, 
    "source": "", 
    "lookup_table": [], 
    "proj": null, 
    "utfurl": "", 
    "data_download": "", 
    "metadata": "", 
    "opacity": 0.5, 
    "vector_color": "", 
    "attribute_event": "click", 
    "description": "", 
    "attribute_fields": [], 
    "vector_fill": null, 
    "data_overview": null, 
    "slug_name": "pew_coral_sponge_pred_hab_suit_sub_sclx", 
    "summarize_to_grid": false, 
    "lookup_field": "", 
    "legend": "", 
    "shareable_url": true, 
    "data_source": "", 
    "data_notes": "", 
    "name": "PEW_coral_sponge_pred_hab_suit_sub_sclx", 
    "sublayers": [], 
    "url": "http://tiles.ecotrust.org/tiles/PEW_coral_sponge_pred_hab_suit_sub_sclx/${z}/${x}/${y}.png", 
    "proxy_url": false, 
    "arcgis_layers": "", 
    "bookmark": null, 
    "legend_title": "", 
    "attribute_title": "", 
    "utfjsonp": false, 
    "wms_slug": null
  }
},
{
  "pk": 395, 
  "model": "data_manager.layer", 
  "fields": {
    "layer_type": "XYZ", 
    "themes": [], 
    "is_sublayer": false, 
    "compress_display": false, 
    "map_tiles": null, 
    "legend_subtitle": "", 
    "filterable": false, 
    "vector_graphic": "", 
    "kml": null, 
    "source": "", 
    "lookup_table": [], 
    "proj": null, 
    "utfurl": "", 
    "data_download": "", 
    "metadata": "", 
    "opacity": 0.5, 
    "vector_color": "", 
    "attribute_event": "click", 
    "description": "", 
    "attribute_fields": [], 
    "vector_fill": null, 
    "data_overview": null, 
    "slug_name": "pew_eez_boundary", 
    "summarize_to_grid": false, 
    "lookup_field": "", 
    "legend": "", 
    "shareable_url": true, 
    "data_source": "", 
    "data_notes": "", 
    "name": "PEW_EEZ_boundary", 
    "sublayers": [], 
    "url": "http://tiles.ecotrust.org/tiles/PEW_EEZ_boundary/${z}/${x}/${y}.png", 
    "proxy_url": false, 
    "arcgis_layers": "", 
    "bookmark": null, 
    "legend_title": "", 
    "attribute_title": "", 
    "utfjsonp": false, 
    "wms_slug": null
  }
},
{
  "pk": 396, 
  "model": "data_manager.layer", 
  "fields": {
    "layer_type": "XYZ", 
    "themes": [], 
    "is_sublayer": false, 
    "compress_display": false, 
    "map_tiles": null, 
    "legend_subtitle": "", 
    "filterable": false, 
    "vector_graphic": "", 
    "kml": null, 
    "source": "", 
    "lookup_table": [], 
    "proj": null, 
    "utfurl": "", 
    "data_download": "", 
    "metadata": "", 
    "opacity": 0.5, 
    "vector_color": "", 
    "attribute_event": "click", 
    "description": "", 
    "attribute_fields": [], 
    "vector_fill": null, 
    "data_overview": null, 
    "slug_name": "pew_efh_conservation_areas", 
    "summarize_to_grid": false, 
    "lookup_field": "", 
    "legend": "", 
    "shareable_url": true, 
    "data_source": "", 
    "data_notes": "", 
    "name": "PEW_EFH_conservation_areas", 
    "sublayers": [], 
    "url": "http://tiles.ecotrust.org/tiles/PEW_EFH_conservation_areas/${z}/${x}/${y}.png", 
    "proxy_url": false, 
    "arcgis_layers": "", 
    "bookmark": null, 
    "legend_title": "", 
    "attribute_title": "", 
    "utfjsonp": false, 
    "wms_slug": null
  }
},
{
  "pk": 397, 
  "model": "data_manager.layer", 
  "fields": {
    "layer_type": "XYZ", 
    "themes": [], 
    "is_sublayer": false, 
    "compress_display": false, 
    "map_tiles": null, 
    "legend_subtitle": "", 
    "filterable": false, 
    "vector_graphic": "", 
    "kml": null, 
    "source": "", 
    "lookup_table": [], 
    "proj": null, 
    "utfurl": "", 
    "data_download": "", 
    "metadata": "", 
    "opacity": 0.5, 
    "vector_color": "", 
    "attribute_event": "click", 
    "description": "", 
    "attribute_fields": [], 
    "vector_fill": null, 
    "data_overview": null, 
    "slug_name": "pew_efh_outside_700fa", 
    "summarize_to_grid": false, 
    "lookup_field": "", 
    "legend": "", 
    "shareable_url": true, 
    "data_source": "", 
    "data_notes": "", 
    "name": "PEW_EFH_outside_700fa", 
    "sublayers": [], 
    "url": "http://tiles.ecotrust.org/tiles/PEW_EFH_outside_700fa/${z}/${x}/${y}.png", 
    "proxy_url": false, 
    "arcgis_layers": "", 
    "bookmark": null, 
    "legend_title": "", 
    "attribute_title": "", 
    "utfjsonp": false, 
    "wms_slug": null
  }
},
{
  "pk": 398, 
  "model": "data_manager.layer", 
  "fields": {
    "layer_type": "XYZ", 
    "themes": [], 
    "is_sublayer": false, 
    "compress_display": false, 
    "map_tiles": null, 
    "legend_subtitle": "", 
    "filterable": false, 
    "vector_graphic": "", 
    "kml": null, 
    "source": "", 
    "lookup_table": [], 
    "proj": null, 
    "utfurl": "", 
    "data_download": "", 
    "metadata": "", 
    "opacity": 0.5, 
    "vector_color": "", 
    "attribute_event": "click", 
    "description": "", 
    "attribute_fields": [], 
    "vector_fill": null, 
    "data_overview": null, 
    "slug_name": "pew_efh_proposal_fma_eel_river", 
    "summarize_to_grid": false, 
    "lookup_field": "", 
    "legend": "", 
    "shareable_url": true, 
    "data_source": "", 
    "data_notes": "", 
    "name": "PEW_EFH_proposal_FMA_Eel_River", 
    "sublayers": [], 
    "url": "http://tiles.ecotrust.org/tiles/PEW_EFH_proposal_FMA_Eel_River/${z}/${x}/${y}.png", 
    "proxy_url": false, 
    "arcgis_layers": "", 
    "bookmark": null, 
    "legend_title": "", 
    "attribute_title": "", 
    "utfjsonp": false, 
    "wms_slug": null
  }
},
{
  "pk": 399, 
  "model": "data_manager.layer", 
  "fields": {
    "layer_type": "XYZ", 
    "themes": [], 
    "is_sublayer": false, 
    "compress_display": false, 
    "map_tiles": null, 
    "legend_subtitle": "", 
    "filterable": false, 
    "vector_graphic": "", 
    "kml": null, 
    "source": "", 
    "lookup_table": [], 
    "proj": null, 
    "utfurl": "", 
    "data_download": "", 
    "metadata": "", 
    "opacity": 0.5, 
    "vector_color": "", 
    "attribute_event": "click", 
    "description": "", 
    "attribute_fields": [], 
    "vector_fill": null, 
    "data_overview": null, 
    "slug_name": "pew_efh_proposal_gfnms", 
    "summarize_to_grid": false, 
    "lookup_field": "", 
    "legend": "", 
    "shareable_url": true, 
    "data_source": "", 
    "data_notes": "", 
    "name": "PEW_EFH_proposal_GFNMS", 
    "sublayers": [], 
    "url": "http://tiles.ecotrust.org/tiles/PEW_EFH_proposal_GFNMS/${z}/${x}/${y}.png", 
    "proxy_url": false, 
    "arcgis_layers": "", 
    "bookmark": null, 
    "legend_title": "", 
    "attribute_title": "", 
    "utfjsonp": false, 
    "wms_slug": null
  }
},
{
  "pk": 400, 
  "model": "data_manager.layer", 
  "fields": {
    "layer_type": "XYZ", 
    "themes": [], 
    "is_sublayer": false, 
    "compress_display": false, 
    "map_tiles": null, 
    "legend_subtitle": "", 
    "filterable": false, 
    "vector_graphic": "", 
    "kml": null, 
    "source": "", 
    "lookup_table": [], 
    "proj": null, 
    "utfurl": "", 
    "data_download": "", 
    "metadata": "", 
    "opacity": 0.5, 
    "vector_color": "", 
    "attribute_event": "click", 
    "description": "", 
    "attribute_fields": [], 
    "vector_fill": null, 
    "data_overview": null, 
    "slug_name": "pew_efh_proposal_greenpeace", 
    "summarize_to_grid": false, 
    "lookup_field": "", 
    "legend": "", 
    "shareable_url": true, 
    "data_source": "", 
    "data_notes": "", 
    "name": "PEW_EFH_proposal_Greenpeace", 
    "sublayers": [], 
    "url": "http://tiles.ecotrust.org/tiles/PEW_EFH_proposal_Greenpeace/${z}/${x}/${y}.png", 
    "proxy_url": false, 
    "arcgis_layers": "", 
    "bookmark": null, 
    "legend_title": "", 
    "attribute_title": "", 
    "utfjsonp": false, 
    "wms_slug": null
  }
},
{
  "pk": 401, 
  "model": "data_manager.layer", 
  "fields": {
    "layer_type": "XYZ", 
    "themes": [], 
    "is_sublayer": false, 
    "compress_display": false, 
    "map_tiles": null, 
    "legend_subtitle": "", 
    "filterable": false, 
    "vector_graphic": "", 
    "kml": null, 
    "source": "", 
    "lookup_table": [], 
    "proj": null, 
    "utfurl": "", 
    "data_download": "", 
    "metadata": "", 
    "opacity": 0.5, 
    "vector_color": "", 
    "attribute_event": "click", 
    "description": "", 
    "attribute_fields": [], 
    "vector_fill": null, 
    "data_overview": null, 
    "slug_name": "pew_efh_proposal_mbnms", 
    "summarize_to_grid": false, 
    "lookup_field": "", 
    "legend": "", 
    "shareable_url": true, 
    "data_source": "", 
    "data_notes": "", 
    "name": "PEW_EFH_proposal_MBNMS", 
    "sublayers": [], 
    "url": "http://tiles.ecotrust.org/tiles/PEW_EFH_proposal_MBNMS/${z}/${x}/${y}.png", 
    "proxy_url": false, 
    "arcgis_layers": "", 
    "bookmark": null, 
    "legend_title": "", 
    "attribute_title": "", 
    "utfjsonp": false, 
    "wms_slug": null
  }
},
{
  "pk": 402, 
  "model": "data_manager.layer", 
  "fields": {
    "layer_type": "XYZ", 
    "themes": [], 
    "is_sublayer": false, 
    "compress_display": false, 
    "map_tiles": null, 
    "legend_subtitle": "", 
    "filterable": false, 
    "vector_graphic": "", 
    "kml": null, 
    "source": "", 
    "lookup_table": [], 
    "proj": null, 
    "utfurl": "", 
    "data_download": "", 
    "metadata": "", 
    "opacity": 0.5, 
    "vector_color": "", 
    "attribute_event": "click", 
    "description": "", 
    "attribute_fields": [], 
    "vector_fill": null, 
    "data_overview": null, 
    "slug_name": "pew_efh_proposal_mci", 
    "summarize_to_grid": false, 
    "lookup_field": "", 
    "legend": "", 
    "shareable_url": true, 
    "data_source": "", 
    "data_notes": "", 
    "name": "PEW_EFH_proposal_MCI", 
    "sublayers": [], 
    "url": "http://tiles.ecotrust.org/tiles/PEW_EFH_proposal_MCI/${z}/${x}/${y}.png", 
    "proxy_url": false, 
    "arcgis_layers": "", 
    "bookmark": null, 
    "legend_title": "", 
    "attribute_title": "", 
    "utfjsonp": false, 
    "wms_slug": null
  }
},
{
  "pk": 403, 
  "model": "data_manager.layer", 
  "fields": {
    "layer_type": "XYZ", 
    "themes": [], 
    "is_sublayer": false, 
    "compress_display": false, 
    "map_tiles": null, 
    "legend_subtitle": "", 
    "filterable": false, 
    "vector_graphic": "", 
    "kml": null, 
    "source": "", 
    "lookup_table": [], 
    "proj": null, 
    "utfurl": "", 
    "data_download": "", 
    "metadata": "", 
    "opacity": 0.5, 
    "vector_color": "", 
    "attribute_event": "click", 
    "description": "", 
    "attribute_fields": [], 
    "vector_fill": null, 
    "data_overview": null, 
    "slug_name": "pew_efh_proposal_oceana", 
    "summarize_to_grid": false, 
    "lookup_field": "", 
    "legend": "", 
    "shareable_url": true, 
    "data_source": "", 
    "data_notes": "", 
    "name": "PEW_EFH_proposal_Oceana", 
    "sublayers": [], 
    "url": "http://tiles.ecotrust.org/tiles/PEW_EFH_proposal_Oceana/${z}/${x}/${y}.png", 
    "proxy_url": false, 
    "arcgis_layers": "", 
    "bookmark": null, 
    "legend_title": "", 
    "attribute_title": "", 
    "utfjsonp": false, 
    "wms_slug": null
  }
},
{
  "pk": 404, 
  "model": "data_manager.layer", 
  "fields": {
    "layer_type": "XYZ", 
    "themes": [], 
    "is_sublayer": false, 
    "compress_display": false, 
    "map_tiles": null, 
    "legend_subtitle": "", 
    "filterable": false, 
    "vector_graphic": "", 
    "kml": null, 
    "source": "", 
    "lookup_table": [], 
    "proj": null, 
    "utfurl": "", 
    "data_download": "", 
    "metadata": "", 
    "opacity": 0.5, 
    "vector_color": "", 
    "attribute_event": "click", 
    "description": "", 
    "attribute_fields": [], 
    "vector_fill": null, 
    "data_overview": null, 
    "slug_name": "pew_efh_proposal_ocnms_1", 
    "summarize_to_grid": false, 
    "lookup_field": "", 
    "legend": "", 
    "shareable_url": true, 
    "data_source": "", 
    "data_notes": "", 
    "name": "PEW_EFH_proposal_OCNMS_1", 
    "sublayers": [], 
    "url": "http://tiles.ecotrust.org/tiles/PEW_EFH_proposal_OCNMS_1/${z}/${x}/${y}.png", 
    "proxy_url": false, 
    "arcgis_layers": "", 
    "bookmark": null, 
    "legend_title": "", 
    "attribute_title": "", 
    "utfjsonp": false, 
    "wms_slug": null
  }
},
{
  "pk": 405, 
  "model": "data_manager.layer", 
  "fields": {
    "layer_type": "XYZ", 
    "themes": [], 
    "is_sublayer": false, 
    "compress_display": false, 
    "map_tiles": null, 
    "legend_subtitle": "", 
    "filterable": false, 
    "vector_graphic": "", 
    "kml": null, 
    "source": "", 
    "lookup_table": [], 
    "proj": null, 
    "utfurl": "", 
    "data_download": "", 
    "metadata": "", 
    "opacity": 0.5, 
    "vector_color": "", 
    "attribute_event": "click", 
    "description": "", 
    "attribute_fields": [], 
    "vector_fill": null, 
    "data_overview": null, 
    "slug_name": "pew_efh_proposal_ocnms_2", 
    "summarize_to_grid": false, 
    "lookup_field": "", 
    "legend": "", 
    "shareable_url": true, 
    "data_source": "", 
    "data_notes": "", 
    "name": "PEW_EFH_proposal_OCNMS_2", 
    "sublayers": [], 
    "url": "http://tiles.ecotrust.org/tiles/PEW_EFH_proposal_OCNMS_2/${z}/${x}/${y}.png", 
    "proxy_url": false, 
    "arcgis_layers": "", 
    "bookmark": null, 
    "legend_title": "", 
    "attribute_title": "", 
    "utfjsonp": false, 
    "wms_slug": null
  }
},
{
  "pk": 406, 
  "model": "data_manager.layer", 
  "fields": {
    "layer_type": "XYZ", 
    "themes": [], 
    "is_sublayer": false, 
    "compress_display": false, 
    "map_tiles": null, 
    "legend_subtitle": "", 
    "filterable": false, 
    "vector_graphic": "", 
    "kml": null, 
    "source": "", 
    "lookup_table": [], 
    "proj": null, 
    "utfurl": "", 
    "data_download": "", 
    "metadata": "", 
    "opacity": 0.5, 
    "vector_color": "", 
    "attribute_event": "click", 
    "description": "", 
    "attribute_fields": [], 
    "vector_fill": null, 
    "data_overview": null, 
    "slug_name": "pew_efh_proposal_ocnms_3", 
    "summarize_to_grid": false, 
    "lookup_field": "", 
    "legend": "", 
    "shareable_url": true, 
    "data_source": "", 
    "data_notes": "", 
    "name": "PEW_EFH_proposal_OCNMS_3", 
    "sublayers": [], 
    "url": "http://tiles.ecotrust.org/tiles/PEW_EFH_proposal_OCNMS_3/${z}/${x}/${y}.png", 
    "proxy_url": false, 
    "arcgis_layers": "", 
    "bookmark": null, 
    "legend_title": "", 
    "attribute_title": "", 
    "utfjsonp": false, 
    "wms_slug": null
  }
},
{
  "pk": 407, 
  "model": "data_manager.layer", 
  "fields": {
    "layer_type": "XYZ", 
    "themes": [], 
    "is_sublayer": false, 
    "compress_display": false, 
    "map_tiles": null, 
    "legend_subtitle": "", 
    "filterable": false, 
    "vector_graphic": "", 
    "kml": null, 
    "source": "", 
    "lookup_table": [], 
    "proj": null, 
    "utfurl": "", 
    "data_download": "", 
    "metadata": "", 
    "opacity": 0.5, 
    "vector_color": "", 
    "attribute_event": "click", 
    "description": "", 
    "attribute_fields": [], 
    "vector_fill": null, 
    "data_overview": null, 
    "slug_name": "pew_fishing_effort_extent_after_bottom_trawl", 
    "summarize_to_grid": false, 
    "lookup_field": "", 
    "legend": "", 
    "shareable_url": true, 
    "data_source": "", 
    "data_notes": "", 
    "name": "PEW_fishing_effort_extent_after_bottom_trawl", 
    "sublayers": [], 
    "url": "http://tiles.ecotrust.org/tiles/PEW_fishing_effort_extent_after_bottom_trawl/${z}/${x}/${y}.png", 
    "proxy_url": false, 
    "arcgis_layers": "", 
    "bookmark": null, 
    "legend_title": "", 
    "attribute_title": "", 
    "utfjsonp": false, 
    "wms_slug": null
  }
},
{
  "pk": 408, 
  "model": "data_manager.layer", 
  "fields": {
    "layer_type": "XYZ", 
    "themes": [], 
    "is_sublayer": false, 
    "compress_display": false, 
    "map_tiles": null, 
    "legend_subtitle": "", 
    "filterable": false, 
    "vector_graphic": "", 
    "kml": null, 
    "source": "", 
    "lookup_table": [], 
    "proj": null, 
    "utfurl": "", 
    "data_download": "", 
    "metadata": "", 
    "opacity": 0.5, 
    "vector_color": "", 
    "attribute_event": "click", 
    "description": "", 
    "attribute_fields": [], 
    "vector_fill": null, 
    "data_overview": null, 
    "slug_name": "pew_fishing_effort_extent_after_fixed_gear", 
    "summarize_to_grid": false, 
    "lookup_field": "", 
    "legend": "", 
    "shareable_url": true, 
    "data_source": "", 
    "data_notes": "", 
    "name": "PEW_fishing_effort_extent_after_fixed_gear", 
    "sublayers": [], 
    "url": "http://tiles.ecotrust.org/tiles/PEW_fishing_effort_extent_after_fixed_gear/${z}/${x}/${y}.png", 
    "proxy_url": false, 
    "arcgis_layers": "", 
    "bookmark": null, 
    "legend_title": "", 
    "attribute_title": "", 
    "utfjsonp": false, 
    "wms_slug": null
  }
},
{
  "pk": 409, 
  "model": "data_manager.layer", 
  "fields": {
    "layer_type": "XYZ", 
    "themes": [], 
    "is_sublayer": false, 
    "compress_display": false, 
    "map_tiles": null, 
    "legend_subtitle": "", 
    "filterable": false, 
    "vector_graphic": "", 
    "kml": null, 
    "source": "", 
    "lookup_table": [], 
    "proj": null, 
    "utfurl": "", 
    "data_download": "", 
    "metadata": "", 
    "opacity": 0.5, 
    "vector_color": "", 
    "attribute_event": "click", 
    "description": "", 
    "attribute_fields": [], 
    "vector_fill": null, 
    "data_overview": null, 
    "slug_name": "pew_fishing_effort_extent_after_midwater_trawl", 
    "summarize_to_grid": false, 
    "lookup_field": "", 
    "legend": "", 
    "shareable_url": true, 
    "data_source": "", 
    "data_notes": "", 
    "name": "PEW_fishing_effort_extent_after_midwater_trawl", 
    "sublayers": [], 
    "url": "http://tiles.ecotrust.org/tiles/PEW_fishing_effort_extent_after_midwater_trawl/${z}/${x}/${y}.png", 
    "proxy_url": false, 
    "arcgis_layers": "", 
    "bookmark": null, 
    "legend_title": "", 
    "attribute_title": "", 
    "utfjsonp": false, 
    "wms_slug": null
  }
},
{
  "pk": 410, 
  "model": "data_manager.layer", 
  "fields": {
    "layer_type": "XYZ", 
    "themes": [], 
    "is_sublayer": false, 
    "compress_display": false, 
    "map_tiles": null, 
    "legend_subtitle": "", 
    "filterable": false, 
    "vector_graphic": "", 
    "kml": null, 
    "source": "", 
    "lookup_table": [], 
    "proj": null, 
    "utfurl": "", 
    "data_download": "", 
    "metadata": "", 
    "opacity": 0.5, 
    "vector_color": "", 
    "attribute_event": "click", 
    "description": "", 
    "attribute_fields": [], 
    "vector_fill": null, 
    "data_overview": null, 
    "slug_name": "pew_fishing_effort_extent_before_bottom_trawl", 
    "summarize_to_grid": false, 
    "lookup_field": "", 
    "legend": "", 
    "shareable_url": true, 
    "data_source": "", 
    "data_notes": "", 
    "name": "PEW_fishing_effort_extent_before_bottom_trawl", 
    "sublayers": [], 
    "url": "http://tiles.ecotrust.org/tiles/PEW_fishing_effort_extent_before_bottom_trawl/${z}/${x}/${y}.png", 
    "proxy_url": false, 
    "arcgis_layers": "", 
    "bookmark": null, 
    "legend_title": "", 
    "attribute_title": "", 
    "utfjsonp": false, 
    "wms_slug": null
  }
},
{
  "pk": 411, 
  "model": "data_manager.layer", 
  "fields": {
    "layer_type": "XYZ", 
    "themes": [], 
    "is_sublayer": false, 
    "compress_display": false, 
    "map_tiles": null, 
    "legend_subtitle": "", 
    "filterable": false, 
    "vector_graphic": "", 
    "kml": null, 
    "source": "", 
    "lookup_table": [], 
    "proj": null, 
    "utfurl": "", 
    "data_download": "", 
    "metadata": "", 
    "opacity": 0.5, 
    "vector_color": "", 
    "attribute_event": "click", 
    "description": "", 
    "attribute_fields": [], 
    "vector_fill": null, 
    "data_overview": null, 
    "slug_name": "pew_fishing_effort_extent_before_fixed_gear", 
    "summarize_to_grid": false, 
    "lookup_field": "", 
    "legend": "", 
    "shareable_url": true, 
    "data_source": "", 
    "data_notes": "", 
    "name": "PEW_fishing_effort_extent_before_fixed_gear", 
    "sublayers": [], 
    "url": "http://tiles.ecotrust.org/tiles/PEW_fishing_effort_extent_before_fixed_gear/${z}/${x}/${y}.png", 
    "proxy_url": false, 
    "arcgis_layers": "", 
    "bookmark": null, 
    "legend_title": "", 
    "attribute_title": "", 
    "utfjsonp": false, 
    "wms_slug": null
  }
},
{
  "pk": 412, 
  "model": "data_manager.layer", 
  "fields": {
    "layer_type": "XYZ", 
    "themes": [], 
    "is_sublayer": false, 
    "compress_display": false, 
    "map_tiles": null, 
    "legend_subtitle": "", 
    "filterable": false, 
    "vector_graphic": "", 
    "kml": null, 
    "source": "", 
    "lookup_table": [], 
    "proj": null, 
    "utfurl": "", 
    "data_download": "", 
    "metadata": "", 
    "opacity": 0.5, 
    "vector_color": "", 
    "attribute_event": "click", 
    "description": "", 
    "attribute_fields": [], 
    "vector_fill": null, 
    "data_overview": null, 
    "slug_name": "pew_fishing_effort_extent_before_midwater_trawl", 
    "summarize_to_grid": false, 
    "lookup_field": "", 
    "legend": "", 
    "shareable_url": true, 
    "data_source": "", 
    "data_notes": "", 
    "name": "PEW_fishing_effort_extent_before_midwater_trawl", 
    "sublayers": [], 
    "url": "http://tiles.ecotrust.org/tiles/PEW_fishing_effort_extent_before_midwater_trawl/${z}/${x}/${y}.png", 
    "proxy_url": false, 
    "arcgis_layers": "", 
    "bookmark": null, 
    "legend_title": "", 
    "attribute_title": "", 
    "utfjsonp": false, 
    "wms_slug": null
  }
},
{
  "pk": 413, 
  "model": "data_manager.layer", 
  "fields": {
    "layer_type": "XYZ", 
    "themes": [], 
    "is_sublayer": false, 
    "compress_display": false, 
    "map_tiles": null, 
    "legend_subtitle": "", 
    "filterable": false, 
    "vector_graphic": "", 
    "kml": null, 
    "source": "", 
    "lookup_table": [], 
    "proj": null, 
    "utfurl": "", 
    "data_download": "", 
    "metadata": "", 
    "opacity": 0.5, 
    "vector_color": "", 
    "attribute_event": "click", 
    "description": "", 
    "attribute_fields": [], 
    "vector_fill": null, 
    "data_overview": null, 
    "slug_name": "pew_fishing_effort_intensity_after_bottom_trawl", 
    "summarize_to_grid": false, 
    "lookup_field": "", 
    "legend": "", 
    "shareable_url": true, 
    "data_source": "", 
    "data_notes": "", 
    "name": "PEW_fishing_effort_intensity_after_bottom_trawl", 
    "sublayers": [], 
    "url": "http://tiles.ecotrust.org/tiles/PEW_fishing_effort_intensity_after_bottom_trawl/${z}/${x}/${y}.png", 
    "proxy_url": false, 
    "arcgis_layers": "", 
    "bookmark": null, 
    "legend_title": "", 
    "attribute_title": "", 
    "utfjsonp": false, 
    "wms_slug": null
  }
},
{
  "pk": 414, 
  "model": "data_manager.layer", 
  "fields": {
    "layer_type": "XYZ", 
    "themes": [], 
    "is_sublayer": false, 
    "compress_display": false, 
    "map_tiles": null, 
    "legend_subtitle": "", 
    "filterable": false, 
    "vector_graphic": "", 
    "kml": null, 
    "source": "", 
    "lookup_table": [], 
    "proj": null, 
    "utfurl": "", 
    "data_download": "", 
    "metadata": "", 
    "opacity": 0.5, 
    "vector_color": "", 
    "attribute_event": "click", 
    "description": "", 
    "attribute_fields": [], 
    "vector_fill": null, 
    "data_overview": null, 
    "slug_name": "pew_fishing_effort_intensity_after_fixed_gear", 
    "summarize_to_grid": false, 
    "lookup_field": "", 
    "legend": "", 
    "shareable_url": true, 
    "data_source": "", 
    "data_notes": "", 
    "name": "PEW_fishing_effort_intensity_after_fixed_gear", 
    "sublayers": [], 
    "url": "http://tiles.ecotrust.org/tiles/PEW_fishing_effort_intensity_after_fixed_gear/${z}/${x}/${y}.png", 
    "proxy_url": false, 
    "arcgis_layers": "", 
    "bookmark": null, 
    "legend_title": "", 
    "attribute_title": "", 
    "utfjsonp": false, 
    "wms_slug": null
  }
},
{
  "pk": 415, 
  "model": "data_manager.layer", 
  "fields": {
    "layer_type": "XYZ", 
    "themes": [], 
    "is_sublayer": false, 
    "compress_display": false, 
    "map_tiles": null, 
    "legend_subtitle": "", 
    "filterable": false, 
    "vector_graphic": "", 
    "kml": null, 
    "source": "", 
    "lookup_table": [], 
    "proj": null, 
    "utfurl": "", 
    "data_download": "", 
    "metadata": "", 
    "opacity": 0.5, 
    "vector_color": "", 
    "attribute_event": "click", 
    "description": "", 
    "attribute_fields": [], 
    "vector_fill": null, 
    "data_overview": null, 
    "slug_name": "pew_fishing_effort_intensity_after_midwater_trawl", 
    "summarize_to_grid": false, 
    "lookup_field": "", 
    "legend": "", 
    "shareable_url": true, 
    "data_source": "", 
    "data_notes": "", 
    "name": "PEW_fishing_effort_intensity_after_midwater_trawl", 
    "sublayers": [], 
    "url": "http://tiles.ecotrust.org/tiles/PEW_fishing_effort_intensity_after_fixed_gear/${z}/${x}/${y}.png", 
    "proxy_url": false, 
    "arcgis_layers": "", 
    "bookmark": null, 
    "legend_title": "", 
    "attribute_title": "", 
    "utfjsonp": false, 
    "wms_slug": null
  }
},
{
  "pk": 416, 
  "model": "data_manager.layer", 
  "fields": {
    "layer_type": "XYZ", 
    "themes": [], 
    "is_sublayer": false, 
    "compress_display": false, 
    "map_tiles": null, 
    "legend_subtitle": "", 
    "filterable": false, 
    "vector_graphic": "", 
    "kml": null, 
    "source": "", 
    "lookup_table": [], 
    "proj": null, 
    "utfurl": "", 
    "data_download": "", 
    "metadata": "", 
    "opacity": 0.5, 
    "vector_color": "", 
    "attribute_event": "click", 
    "description": "", 
    "attribute_fields": [], 
    "vector_fill": null, 
    "data_overview": null, 
    "slug_name": "pew_fishing_effort_intensity_before_bottom_trawl", 
    "summarize_to_grid": false, 
    "lookup_field": "", 
    "legend": "", 
    "shareable_url": true, 
    "data_source": "", 
    "data_notes": "", 
    "name": "PEW_fishing_effort_intensity_before_bottom_trawl", 
    "sublayers": [], 
    "url": "http://tiles.ecotrust.org/tiles/PEW_fishing_effort_intensity_before_bottom_trawl/${z}/${x}/${y}.png", 
    "proxy_url": false, 
    "arcgis_layers": "", 
    "bookmark": null, 
    "legend_title": "", 
    "attribute_title": "", 
    "utfjsonp": false, 
    "wms_slug": null
  }
},
{
  "pk": 417, 
  "model": "data_manager.layer", 
  "fields": {
    "layer_type": "XYZ", 
    "themes": [], 
    "is_sublayer": false, 
    "compress_display": false, 
    "map_tiles": null, 
    "legend_subtitle": "", 
    "filterable": false, 
    "vector_graphic": "", 
    "kml": null, 
    "source": "", 
    "lookup_table": [], 
    "proj": null, 
    "utfurl": "", 
    "data_download": "", 
    "metadata": "", 
    "opacity": 0.5, 
    "vector_color": "", 
    "attribute_event": "click", 
    "description": "", 
    "attribute_fields": [], 
    "vector_fill": null, 
    "data_overview": null, 
    "slug_name": "pew_fishing_effort_intensity_before_fixed_gear", 
    "summarize_to_grid": false, 
    "lookup_field": "", 
    "legend": "", 
    "shareable_url": true, 
    "data_source": "", 
    "data_notes": "", 
    "name": "PEW_fishing_effort_intensity_before_fixed_gear", 
    "sublayers": [], 
    "url": "http://tiles.ecotrust.org/tiles/PEW_fishing_effort_intensity_before_fixed_gear/${z}/${x}/${y}.png", 
    "proxy_url": false, 
    "arcgis_layers": "", 
    "bookmark": null, 
    "legend_title": "", 
    "attribute_title": "", 
    "utfjsonp": false, 
    "wms_slug": null
  }
},
{
  "pk": 418, 
  "model": "data_manager.layer", 
  "fields": {
    "layer_type": "XYZ", 
    "themes": [], 
    "is_sublayer": false, 
    "compress_display": false, 
    "map_tiles": null, 
    "legend_subtitle": "", 
    "filterable": false, 
    "vector_graphic": "", 
    "kml": null, 
    "source": "", 
    "lookup_table": [], 
    "proj": null, 
    "utfurl": "", 
    "data_download": "", 
    "metadata": "", 
    "opacity": 0.5, 
    "vector_color": "", 
    "attribute_event": "click", 
    "description": "", 
    "attribute_fields": [], 
    "vector_fill": null, 
    "data_overview": null, 
    "slug_name": "pew_fishing_effort_intensity_before_midwater_trawl", 
    "summarize_to_grid": false, 
    "lookup_field": "", 
    "legend": "", 
    "shareable_url": true, 
    "data_source": "", 
    "data_notes": "", 
    "name": "PEW_fishing_effort_intensity_before_midwater_trawl", 
    "sublayers": [], 
    "url": "http://tiles.ecotrust.org/tiles/PEW_fishing_effort_intensity_before_midwater_trawl/${z}/${x}/${y}.png", 
    "proxy_url": false, 
    "arcgis_layers": "", 
    "bookmark": null, 
    "legend_title": "", 
    "attribute_title": "", 
    "utfjsonp": false, 
    "wms_slug": null
  }
},
{
  "pk": 419, 
  "model": "data_manager.layer", 
  "fields": {
    "layer_type": "XYZ", 
    "themes": [], 
    "is_sublayer": false, 
    "compress_display": false, 
    "map_tiles": null, 
    "legend_subtitle": "", 
    "filterable": false, 
    "vector_graphic": "", 
    "kml": null, 
    "source": "", 
    "lookup_table": [], 
    "proj": null, 
    "utfurl": "", 
    "data_download": "", 
    "metadata": "", 
    "opacity": 0.5, 
    "vector_color": "", 
    "attribute_event": "click", 
    "description": "", 
    "attribute_fields": [], 
    "vector_fill": null, 
    "data_overview": null, 
    "slug_name": "pew_hapc_estuary", 
    "summarize_to_grid": false, 
    "lookup_field": "", 
    "legend": "", 
    "shareable_url": true, 
    "data_source": "", 
    "data_notes": "", 
    "name": "PEW_HAPC_Estuary", 
    "sublayers": [], 
    "url": "http://tiles.ecotrust.org/tiles/PEW_HAPC_Estuary/${z}/${x}/${y}.png", 
    "proxy_url": false, 
    "arcgis_layers": "", 
    "bookmark": null, 
    "legend_title": "", 
    "attribute_title": "", 
    "utfjsonp": false, 
    "wms_slug": null
  }
},
{
  "pk": 420, 
  "model": "data_manager.layer", 
  "fields": {
    "layer_type": "XYZ", 
    "themes": [], 
    "is_sublayer": false, 
    "compress_display": false, 
    "map_tiles": null, 
    "legend_subtitle": "", 
    "filterable": false, 
    "vector_graphic": "", 
    "kml": null, 
    "source": "", 
    "lookup_table": [], 
    "proj": null, 
    "utfurl": "", 
    "data_download": "", 
    "metadata": "", 
    "opacity": 0.5, 
    "vector_color": "", 
    "attribute_event": "click", 
    "description": "", 
    "attribute_fields": [], 
    "vector_fill": null, 
    "data_overview": null, 
    "slug_name": "pew_hapc_kelp", 
    "summarize_to_grid": false, 
    "lookup_field": "", 
    "legend": "", 
    "shareable_url": true, 
    "data_source": "", 
    "data_notes": "", 
    "name": "PEW_HAPC_Kelp", 
    "sublayers": [], 
    "url": "http://tiles.ecotrust.org/tiles/PEW_HAPC_Kelp/${z}/${x}/${y}.png", 
    "proxy_url": false, 
    "arcgis_layers": "", 
    "bookmark": null, 
    "legend_title": "", 
    "attribute_title": "", 
    "utfjsonp": false, 
    "wms_slug": null
  }
},
{
  "pk": 421, 
  "model": "data_manager.layer", 
  "fields": {
    "layer_type": "XYZ", 
    "themes": [], 
    "is_sublayer": false, 
    "compress_display": false, 
    "map_tiles": null, 
    "legend_subtitle": "", 
    "filterable": false, 
    "vector_graphic": "", 
    "kml": null, 
    "source": "", 
    "lookup_table": [], 
    "proj": null, 
    "utfurl": "", 
    "data_download": "", 
    "metadata": "", 
    "opacity": 0.5, 
    "vector_color": "", 
    "attribute_event": "click", 
    "description": "", 
    "attribute_fields": [], 
    "vector_fill": null, 
    "data_overview": null, 
    "slug_name": "pew_hapc_rocky", 
    "summarize_to_grid": false, 
    "lookup_field": "", 
    "legend": "", 
    "shareable_url": true, 
    "data_source": "", 
    "data_notes": "", 
    "name": "PEW_HAPC_rocky", 
    "sublayers": [], 
    "url": "http://tiles.ecotrust.org/tiles/PEW_HAPC_rocky/${z}/${x}/${y}.png", 
    "proxy_url": false, 
    "arcgis_layers": "", 
    "bookmark": null, 
    "legend_title": "", 
    "attribute_title": "", 
    "utfjsonp": false, 
    "wms_slug": null
  }
},
{
  "pk": 422, 
  "model": "data_manager.layer", 
  "fields": {
    "layer_type": "XYZ", 
    "themes": [], 
    "is_sublayer": false, 
    "compress_display": false, 
    "map_tiles": null, 
    "legend_subtitle": "", 
    "filterable": false, 
    "vector_graphic": "", 
    "kml": null, 
    "source": "", 
    "lookup_table": [], 
    "proj": null, 
    "utfurl": "", 
    "data_download": "", 
    "metadata": "", 
    "opacity": 0.5, 
    "vector_color": "", 
    "attribute_event": "click", 
    "description": "", 
    "attribute_fields": [], 
    "vector_fill": null, 
    "data_overview": null, 
    "slug_name": "pew_hapc_seagrass", 
    "summarize_to_grid": false, 
    "lookup_field": "", 
    "legend": "", 
    "shareable_url": true, 
    "data_source": "", 
    "data_notes": "", 
    "name": "PEW_HAPC_Seagrass", 
    "sublayers": [], 
    "url": "http://tiles.ecotrust.org/tiles/PEW_HAPC_Seagrass/${z}/${x}/${y}.png", 
    "proxy_url": false, 
    "arcgis_layers": "", 
    "bookmark": null, 
    "legend_title": "", 
    "attribute_title": "", 
    "utfjsonp": false, 
    "wms_slug": null
  }
},
{
  "pk": 423, 
  "model": "data_manager.layer", 
  "fields": {
    "layer_type": "XYZ", 
    "themes": [], 
    "is_sublayer": false, 
    "compress_display": false, 
    "map_tiles": null, 
    "legend_subtitle": "", 
    "filterable": false, 
    "vector_graphic": "", 
    "kml": null, 
    "source": "", 
    "lookup_table": [], 
    "proj": null, 
    "utfurl": "", 
    "data_download": "", 
    "metadata": "", 
    "opacity": 0.5, 
    "vector_color": "", 
    "attribute_event": "click", 
    "description": "", 
    "attribute_fields": [], 
    "vector_fill": null, 
    "data_overview": null, 
    "slug_name": "pew_marine_energy_projects", 
    "summarize_to_grid": false, 
    "lookup_field": "", 
    "legend": "", 
    "shareable_url": true, 
    "data_source": "", 
    "data_notes": "", 
    "name": "PEW_marine_energy_projects", 
    "sublayers": [], 
    "url": "http://tiles.ecotrust.org/tiles/PEW_marine_energy_projects/${z}/${x}/${y}.png", 
    "proxy_url": false, 
    "arcgis_layers": "", 
    "bookmark": null, 
    "legend_title": "", 
    "attribute_title": "", 
    "utfjsonp": false, 
    "wms_slug": null
  }
},
{
  "pk": 424, 
  "model": "data_manager.layer", 
  "fields": {
    "layer_type": "XYZ", 
    "themes": [], 
    "is_sublayer": false, 
    "compress_display": false, 
    "map_tiles": null, 
    "legend_subtitle": "", 
    "filterable": false, 
    "vector_graphic": "", 
    "kml": null, 
    "source": "", 
    "lookup_table": [], 
    "proj": null, 
    "utfurl": "", 
    "data_download": "", 
    "metadata": "", 
    "opacity": 0.5, 
    "vector_color": "", 
    "attribute_event": "click", 
    "description": "", 
    "attribute_fields": [], 
    "vector_fill": null, 
    "data_overview": null, 
    "slug_name": "pew_mpa_all", 
    "summarize_to_grid": false, 
    "lookup_field": "", 
    "legend": "", 
    "shareable_url": true, 
    "data_source": "", 
    "data_notes": "", 
    "name": "PEW_MPA_all", 
    "sublayers": [], 
    "url": "http://tiles.ecotrust.org/tiles/PEW_MPA_all/${z}/${x}/${y}.png", 
    "proxy_url": false, 
    "arcgis_layers": "", 
    "bookmark": null, 
    "legend_title": "", 
    "attribute_title": "", 
    "utfjsonp": false, 
    "wms_slug": null
  }
},
{
  "pk": 425, 
  "model": "data_manager.layer", 
  "fields": {
    "layer_type": "XYZ", 
    "themes": [], 
    "is_sublayer": false, 
    "compress_display": false, 
    "map_tiles": null, 
    "legend_subtitle": "", 
    "filterable": false, 
    "vector_graphic": "", 
    "kml": null, 
    "source": "", 
    "lookup_table": [], 
    "proj": null, 
    "utfurl": "", 
    "data_download": "", 
    "metadata": "", 
    "opacity": 0.5, 
    "vector_color": "", 
    "attribute_event": "click", 
    "description": "", 
    "attribute_fields": [], 
    "vector_fill": null, 
    "data_overview": null, 
    "slug_name": "pew_mpa_prohibit_bottom_trawl", 
    "summarize_to_grid": false, 
    "lookup_field": "", 
    "legend": "", 
    "shareable_url": true, 
    "data_source": "", 
    "data_notes": "", 
    "name": "PEW_MPA_prohibit_bottom_trawl", 
    "sublayers": [], 
    "url": "http://tiles.ecotrust.org/tiles/PEW_MPA_prohibit_bottom_trawl/${z}/${x}/${y}.png", 
    "proxy_url": false, 
    "arcgis_layers": "", 
    "bookmark": null, 
    "legend_title": "", 
    "attribute_title": "", 
    "utfjsonp": false, 
    "wms_slug": null
  }
},
{
  "pk": 426, 
  "model": "data_manager.layer", 
  "fields": {
    "layer_type": "XYZ", 
    "themes": [], 
    "is_sublayer": false, 
    "compress_display": false, 
    "map_tiles": null, 
    "legend_subtitle": "", 
    "filterable": false, 
    "vector_graphic": "", 
    "kml": null, 
    "source": "", 
    "lookup_table": [], 
    "proj": null, 
    "utfurl": "", 
    "data_download": "", 
    "metadata": "", 
    "opacity": 0.5, 
    "vector_color": "", 
    "attribute_event": "click", 
    "description": "", 
    "attribute_fields": [], 
    "vector_fill": null, 
    "data_overview": null, 
    "slug_name": "pew_mpa_prohibit_fixed_gear", 
    "summarize_to_grid": false, 
    "lookup_field": "", 
    "legend": "", 
    "shareable_url": true, 
    "data_source": "", 
    "data_notes": "", 
    "name": "PEW_MPA_prohibit_fixed_gear", 
    "sublayers": [], 
    "url": "http://tiles.ecotrust.org/tiles/PEW_MPA_prohibit_fixed_gear/${z}/${x}/${y}.png", 
    "proxy_url": false, 
    "arcgis_layers": "", 
    "bookmark": null, 
    "legend_title": "", 
    "attribute_title": "", 
    "utfjsonp": false, 
    "wms_slug": null
  }
},
{
  "pk": 427, 
  "model": "data_manager.layer", 
  "fields": {
    "layer_type": "XYZ", 
    "themes": [], 
    "is_sublayer": false, 
    "compress_display": false, 
    "map_tiles": null, 
    "legend_subtitle": "", 
    "filterable": false, 
    "vector_graphic": "", 
    "kml": null, 
    "source": "", 
    "lookup_table": [], 
    "proj": null, 
    "utfurl": "", 
    "data_download": "", 
    "metadata": "", 
    "opacity": 0.5, 
    "vector_color": "", 
    "attribute_event": "click", 
    "description": "", 
    "attribute_fields": [], 
    "vector_fill": null, 
    "data_overview": null, 
    "slug_name": "pew_mpa_prohibit_midwater_trawl", 
    "summarize_to_grid": false, 
    "lookup_field": "", 
    "legend": "", 
    "shareable_url": true, 
    "data_source": "", 
    "data_notes": "", 
    "name": "PEW_MPA_prohibit_midwater_trawl", 
    "sublayers": [], 
    "url": "http://tiles.ecotrust.org/tiles/PEW_MPA_prohibit_midwater_trawl/${z}/${x}/${y}.png", 
    "proxy_url": false, 
    "arcgis_layers": "", 
    "bookmark": null, 
    "legend_title": "", 
    "attribute_title": "", 
    "utfjsonp": false, 
    "wms_slug": null
  }
},
{
  "pk": 428, 
  "model": "data_manager.layer", 
  "fields": {
    "layer_type": "XYZ", 
    "themes": [], 
    "is_sublayer": false, 
    "compress_display": false, 
    "map_tiles": null, 
    "legend_subtitle": "", 
    "filterable": false, 
    "vector_graphic": "", 
    "kml": null, 
    "source": "", 
    "lookup_table": [], 
    "proj": null, 
    "utfurl": "", 
    "data_download": "", 
    "metadata": "", 
    "opacity": 0.5, 
    "vector_color": "", 
    "attribute_event": "click", 
    "description": "", 
    "attribute_fields": [], 
    "vector_fill": null, 
    "data_overview": null, 
    "slug_name": "pew_mpa_prohibit_restrict_commercial_fishing", 
    "summarize_to_grid": false, 
    "lookup_field": "", 
    "legend": "", 
    "shareable_url": true, 
    "data_source": "", 
    "data_notes": "", 
    "name": "PEW_MPA_prohibit_restrict_commercial_fishing", 
    "sublayers": [], 
    "url": "http://tiles.ecotrust.org/tiles/PEW_MPA_prohibit_restrict_commercial_fishing/${z}/${x}/${y}.png", 
    "proxy_url": false, 
    "arcgis_layers": "", 
    "bookmark": null, 
    "legend_title": "", 
    "attribute_title": "", 
    "utfjsonp": false, 
    "wms_slug": null
  }
},
{
  "pk": 429, 
  "model": "data_manager.layer", 
  "fields": {
    "layer_type": "XYZ", 
    "themes": [], 
    "is_sublayer": false, 
    "compress_display": false, 
    "map_tiles": null, 
    "legend_subtitle": "", 
    "filterable": false, 
    "vector_graphic": "", 
    "kml": null, 
    "source": "", 
    "lookup_table": [], 
    "proj": null, 
    "utfurl": "", 
    "data_download": "", 
    "metadata": "", 
    "opacity": 0.5, 
    "vector_color": "", 
    "attribute_event": "click", 
    "description": "", 
    "attribute_fields": [], 
    "vector_fill": null, 
    "data_overview": null, 
    "slug_name": "pew_national_marine_sanctuaries", 
    "summarize_to_grid": false, 
    "lookup_field": "", 
    "legend": "", 
    "shareable_url": true, 
    "data_source": "", 
    "data_notes": "", 
    "name": "PEW_national_marine_sanctuaries", 
    "sublayers": [], 
    "url": "http://tiles.ecotrust.org/tiles/PEW_national_marine_sanctuaries/${z}/${x}/${y}.png", 
    "proxy_url": false, 
    "arcgis_layers": "", 
    "bookmark": null, 
    "legend_title": "", 
    "attribute_title": "", 
    "utfjsonp": false, 
    "wms_slug": null
  }
},
{
  "pk": 430, 
  "model": "data_manager.layer", 
  "fields": {
    "layer_type": "XYZ", 
    "themes": [], 
    "is_sublayer": false, 
    "compress_display": false, 
    "map_tiles": null, 
    "legend_subtitle": "", 
    "filterable": false, 
    "vector_graphic": "", 
    "kml": null, 
    "source": "", 
    "lookup_table": [], 
    "proj": null, 
    "utfurl": "", 
    "data_download": "", 
    "metadata": "", 
    "opacity": 0.5, 
    "vector_color": "", 
    "attribute_event": "click", 
    "description": "", 
    "attribute_fields": [], 
    "vector_fill": null, 
    "data_overview": null, 
    "slug_name": "pew_nautical_mile_limits", 
    "summarize_to_grid": false, 
    "lookup_field": "", 
    "legend": "", 
    "shareable_url": true, 
    "data_source": "", 
    "data_notes": "", 
    "name": "PEW_nautical_mile_limits", 
    "sublayers": [], 
    "url": "http://tiles.ecotrust.org/tiles/PEW_nautical_mile_limits/${z}/${x}/${y}.png", 
    "proxy_url": false, 
    "arcgis_layers": "", 
    "bookmark": null, 
    "legend_title": "", 
    "attribute_title": "", 
    "utfjsonp": false, 
    "wms_slug": null
  }
},
{
  "pk": 431, 
  "model": "data_manager.layer", 
  "fields": {
    "layer_type": "XYZ", 
    "themes": [], 
    "is_sublayer": false, 
    "compress_display": false, 
    "map_tiles": null, 
    "legend_subtitle": "", 
    "filterable": false, 
    "vector_graphic": "", 
    "kml": null, 
    "source": "", 
    "lookup_table": [], 
    "proj": null, 
    "utfurl": "", 
    "data_download": "", 
    "metadata": "", 
    "opacity": 0.5, 
    "vector_color": "", 
    "attribute_event": "click", 
    "description": "", 
    "attribute_fields": [], 
    "vector_fill": null, 
    "data_overview": null, 
    "slug_name": "pew_noaa_coral_and_sponge_observations", 
    "summarize_to_grid": false, 
    "lookup_field": "", 
    "legend": "", 
    "shareable_url": true, 
    "data_source": "", 
    "data_notes": "", 
    "name": "PEW_NOAA_Coral_and_Sponge_Observations", 
    "sublayers": [], 
    "url": "http://tiles.ecotrust.org/tiles/PEW_NOAA_Coral_and_Sponge_Observations/${z}/${x}/${y}.png", 
    "proxy_url": false, 
    "arcgis_layers": "", 
    "bookmark": null, 
    "legend_title": "", 
    "attribute_title": "", 
    "utfjsonp": false, 
    "wms_slug": null
  }
},
{
  "pk": 432, 
  "model": "data_manager.layer", 
  "fields": {
    "layer_type": "XYZ", 
    "themes": [], 
    "is_sublayer": false, 
    "compress_display": false, 
    "map_tiles": null, 
    "legend_subtitle": "", 
    "filterable": false, 
    "vector_graphic": "", 
    "kml": null, 
    "source": "", 
    "lookup_table": [], 
    "proj": null, 
    "utfurl": "", 
    "data_download": "", 
    "metadata": "", 
    "opacity": 0.5, 
    "vector_color": "", 
    "attribute_event": "click", 
    "description": "", 
    "attribute_fields": [], 
    "vector_fill": null, 
    "data_overview": null, 
    "slug_name": "pew_pennatulid_1km_presence", 
    "summarize_to_grid": false, 
    "lookup_field": "", 
    "legend": "", 
    "shareable_url": true, 
    "data_source": "", 
    "data_notes": "", 
    "name": "PEW_Pennatulid_1km_presence", 
    "sublayers": [], 
    "url": "http://tiles.ecotrust.org/tiles/PEW_Pennatulid_1km_presence/${z}/${x}/${y}.png", 
    "proxy_url": false, 
    "arcgis_layers": "", 
    "bookmark": null, 
    "legend_title": "", 
    "attribute_title": "", 
    "utfjsonp": false, 
    "wms_slug": null
  }
},
{
  "pk": 433, 
  "model": "data_manager.layer", 
  "fields": {
    "layer_type": "XYZ", 
    "themes": [], 
    "is_sublayer": false, 
    "compress_display": false, 
    "map_tiles": null, 
    "legend_subtitle": "", 
    "filterable": false, 
    "vector_graphic": "", 
    "kml": null, 
    "source": "", 
    "lookup_table": [], 
    "proj": null, 
    "utfurl": "", 
    "data_download": "", 
    "metadata": "", 
    "opacity": 0.5, 
    "vector_color": "", 
    "attribute_event": "click", 
    "description": "", 
    "attribute_fields": [], 
    "vector_fill": null, 
    "data_overview": null, 
    "slug_name": "pew_pennatulid_2km_abundance", 
    "summarize_to_grid": false, 
    "lookup_field": "", 
    "legend": "", 
    "shareable_url": true, 
    "data_source": "", 
    "data_notes": "", 
    "name": "PEW_Pennatulid_2km_abundance", 
    "sublayers": [], 
    "url": "http://tiles.ecotrust.org/tiles/PEW_Pennatulid_2km_abundance/${z}/${x}/${y}.png", 
    "proxy_url": false, 
    "arcgis_layers": "", 
    "bookmark": null, 
    "legend_title": "", 
    "attribute_title": "", 
    "utfjsonp": false, 
    "wms_slug": null
  }
},
{
  "pk": 434, 
  "model": "data_manager.layer", 
  "fields": {
    "layer_type": "XYZ", 
    "themes": [], 
    "is_sublayer": false, 
    "compress_display": false, 
    "map_tiles": null, 
    "legend_subtitle": "", 
    "filterable": false, 
    "vector_graphic": "", 
    "kml": null, 
    "source": "", 
    "lookup_table": [], 
    "proj": null, 
    "utfurl": "", 
    "data_download": "", 
    "metadata": "", 
    "opacity": 0.5, 
    "vector_color": "", 
    "attribute_event": "click", 
    "description": "", 
    "attribute_fields": [], 
    "vector_fill": null, 
    "data_overview": null, 
    "slug_name": "pew_planning_unit_grid_5nm", 
    "summarize_to_grid": false, 
    "lookup_field": "", 
    "legend": "", 
    "shareable_url": true, 
    "data_source": "", 
    "data_notes": "", 
    "name": "PEW_planning_unit_grid_5nm", 
    "sublayers": [], 
    "url": "http://tiles.ecotrust.org/tiles/PEW_planning_unit_grid_5nm/${z}/${x}/${y}.png", 
    "proxy_url": false, 
    "arcgis_layers": "", 
    "bookmark": null, 
    "legend_title": "", 
    "attribute_title": "", 
    "utfjsonp": false, 
    "wms_slug": null
  }
},
{
  "pk": 435, 
  "model": "data_manager.layer", 
  "fields": {
    "layer_type": "XYZ", 
    "themes": [], 
    "is_sublayer": false, 
    "compress_display": false, 
    "map_tiles": null, 
    "legend_subtitle": "", 
    "filterable": false, 
    "vector_graphic": "", 
    "kml": null, 
    "source": "", 
    "lookup_table": [], 
    "proj": null, 
    "utfurl": "", 
    "data_download": "", 
    "metadata": "", 
    "opacity": 0.5, 
    "vector_color": "", 
    "attribute_event": "click", 
    "description": "", 
    "attribute_fields": [], 
    "vector_fill": null, 
    "data_overview": null, 
    "slug_name": "pew_shoreline_boundary", 
    "summarize_to_grid": false, 
    "lookup_field": "", 
    "legend": "", 
    "shareable_url": true, 
    "data_source": "", 
    "data_notes": "", 
    "name": "PEW_shoreline_boundary", 
    "sublayers": [], 
    "url": "http://tiles.ecotrust.org/tiles/PEW_shoreline_boundary/${z}/${x}/${y}.png", 
    "proxy_url": false, 
    "arcgis_layers": "", 
    "bookmark": null, 
    "legend_title": "", 
    "attribute_title": "", 
    "utfjsonp": false, 
    "wms_slug": null
  }
},
{
  "pk": 436, 
  "model": "data_manager.layer", 
  "fields": {
    "layer_type": "XYZ", 
    "themes": [], 
    "is_sublayer": false, 
    "compress_display": false, 
    "map_tiles": null, 
    "legend_subtitle": "", 
    "filterable": false, 
    "vector_graphic": "", 
    "kml": null, 
    "source": "", 
    "lookup_table": [], 
    "proj": null, 
    "utfurl": "", 
    "data_download": "", 
    "metadata": "", 
    "opacity": 0.5, 
    "vector_color": "", 
    "attribute_event": "click", 
    "description": "", 
    "attribute_fields": [], 
    "vector_fill": null, 
    "data_overview": null, 
    "slug_name": "pew_srtm30_25fa_contours", 
    "summarize_to_grid": false, 
    "lookup_field": "", 
    "legend": "", 
    "shareable_url": true, 
    "data_source": "", 
    "data_notes": "", 
    "name": "PEW_SRTM30_25fa_contours", 
    "sublayers": [], 
    "url": "http://tiles.ecotrust.org/tiles/PEW_SRTM30_25fa_contours/${z}/${x}/${y}.png", 
    "proxy_url": false, 
    "arcgis_layers": "", 
    "bookmark": null, 
    "legend_title": "", 
    "attribute_title": "", 
    "utfjsonp": false, 
    "wms_slug": null
  }
},
{
  "pk": 437, 
  "model": "data_manager.layer", 
  "fields": {
    "layer_type": "XYZ", 
    "themes": [], 
    "is_sublayer": false, 
    "compress_display": false, 
    "map_tiles": null, 
    "legend_subtitle": "", 
    "filterable": false, 
    "vector_graphic": "", 
    "kml": null, 
    "source": "", 
    "lookup_table": [], 
    "proj": null, 
    "utfurl": "", 
    "data_download": "", 
    "metadata": "", 
    "opacity": 0.5, 
    "vector_color": "", 
    "attribute_event": "click", 
    "description": "", 
    "attribute_fields": [], 
    "vector_fill": null, 
    "data_overview": null, 
    "slug_name": "pew_substrate", 
    "summarize_to_grid": false, 
    "lookup_field": "", 
    "legend": "", 
    "shareable_url": true, 
    "data_source": "", 
    "data_notes": "", 
    "name": "PEW_substrate", 
    "sublayers": [], 
    "url": "http://tiles.ecotrust.org/tiles/PEW_substrate/${z}/${x}/${y}.png", 
    "proxy_url": false, 
    "arcgis_layers": "", 
    "bookmark": null, 
    "legend_title": "", 
    "attribute_title": "", 
    "utfjsonp": false, 
    "wms_slug": null
  }
},
{
  "pk": 438, 
  "model": "data_manager.layer", 
  "fields": {
    "layer_type": "XYZ", 
    "themes": [], 
    "is_sublayer": false, 
    "compress_display": false, 
    "map_tiles": null, 
    "legend_subtitle": "", 
    "filterable": false, 
    "vector_graphic": "", 
    "kml": null, 
    "source": "", 
    "lookup_table": [], 
    "proj": null, 
    "utfurl": "", 
    "data_download": "", 
    "metadata": "", 
    "opacity": 0.5, 
    "vector_color": "", 
    "attribute_event": "click", 
    "description": "", 
    "attribute_fields": [], 
    "vector_fill": null, 
    "data_overview": null, 
    "slug_name": "pew_tribal_lands", 
    "summarize_to_grid": false, 
    "lookup_field": "", 
    "legend": "", 
    "shareable_url": true, 
    "data_source": "", 
    "data_notes": "", 
    "name": "PEW_tribal_lands", 
    "sublayers": [], 
    "url": "http://tiles.ecotrust.org/tiles/PEW_tribal_lands/${z}/${x}/${y}.png", 
    "proxy_url": false, 
    "arcgis_layers": "", 
    "bookmark": null, 
    "legend_title": "", 
    "attribute_title": "", 
    "utfjsonp": false, 
    "wms_slug": null
  }
},
{
  "pk": 138, 
  "model": "data_manager.attributeinfo", 
  "fields": {
    "field_name": "count", 
    "display_name": "Count", 
    "precision": null, 
    "order": 1
  }
},
{
  "pk": 139, 
  "model": "data_manager.attributeinfo", 
  "fields": {
    "field_name": "categories", 
    "display_name": "Categories", 
    "precision": null, 
    "order": 2
  }
},
{
  "pk": 168, 
  "model": "data_manager.attributeinfo", 
  "fields": {
    "field_name": "Snorker/freediving from vessel", 
    "display_name": "Snorkel / Freediving from Vessel", 
    "precision": null, 
    "order": 1
  }
},
{
  "pk": 169, 
  "model": "data_manager.attributeinfo", 
  "fields": {
    "field_name": "Watersports", 
    "display_name": "Watersports", 
    "precision": null, 
    "order": 2
  }
},
{
  "pk": 1, 
  "model": "data_manager.lookupinfo", 
  "fields": {
    "color": "#330000", 
    "dashstyle": "solid", 
    "graphic": "", 
    "value": "1", 
    "fill": true
  }
},
{
  "pk": 2, 
  "model": "data_manager.lookupinfo", 
  "fields": {
    "color": "#550000", 
    "dashstyle": "solid", 
    "graphic": "", 
    "value": "2", 
    "fill": true
  }
},
{
  "pk": 3, 
  "model": "data_manager.lookupinfo", 
  "fields": {
    "color": "#770000", 
    "dashstyle": "solid", 
    "graphic": "", 
    "value": "3", 
    "fill": true
  }
},
{
  "pk": 4, 
  "model": "data_manager.lookupinfo", 
  "fields": {
    "color": "#990000", 
    "dashstyle": "solid", 
    "graphic": "", 
    "value": "4", 
    "fill": true
  }
},
{
  "pk": 5, 
  "model": "data_manager.lookupinfo", 
  "fields": {
    "color": "#bb0000", 
    "dashstyle": "solid", 
    "graphic": "", 
    "value": "5", 
    "fill": true
  }
},
{
  "pk": 6, 
  "model": "data_manager.lookupinfo", 
  "fields": {
    "color": "#dd0000", 
    "dashstyle": "solid", 
    "graphic": "", 
    "value": "6", 
    "fill": true
  }
}
]
