[
{
  "pk": 6, 
  "model": "data_manager.toc", 
  "fields": {
    "themes": [
      23, 
      25, 
      27, 
      21
    ], 
    "name": "Essential Groundfish Habitat"
  }
},
{
  "pk": 21, 
  "model": "data_manager.toctheme", 
  "fields": {
    "layers": [
      431, 
      391, 
      387, 
      388, 
      392, 
      432, 
      389, 
      393, 
      433, 
      385, 
      390, 
      394
    ], 
    "display_name": "Corals/Sponges", 
    "name": "Coral", 
    "description": ""
  }
},
{
  "pk": 23, 
  "model": "data_manager.toctheme", 
  "fields": {
    "layers": [
      407, 
      411, 
      415, 
      408, 
      412, 
      416, 
      409, 
      413, 
      417, 
      414, 
      418, 
      438, 
      410
    ], 
    "display_name": "People", 
    "name": "People", 
    "description": ""
  }
},
{
  "pk": 25, 
  "model": "data_manager.toctheme", 
  "fields": {
    "layers": [
      419, 
      436, 
      420, 
      421, 
      437, 
      422
    ], 
    "display_name": "Habitat", 
    "name": "Habitat", 
    "description": ""
  }
},
{
  "pk": 27, 
  "model": "data_manager.toctheme", 
  "fields": {
    "layers": [
      403, 
      423, 
      427, 
      435, 
      395, 
      399, 
      404, 
      424, 
      428, 
      396, 
      400, 
      397, 
      425, 
      429, 
      401, 
      405, 
      430, 
      398, 
      402, 
      406, 
      426, 
      434
    ], 
    "display_name": "Management", 
    "name": "Management", 
    "description": ""
  }
},
{
  "pk": 385, 
  "model": "data_manager.layer", 
  "fields": {
    "layer_type": "XYZ", 
    "themes": [], 
    "is_sublayer": false, 
    "compress_display": false, 
    "map_tiles": null, 
    "legend_subtitle": "", 
    "filterable": false, 
    "vector_graphic": "", 
    "kml": null, 
    "source": "", 
    "lookup_table": [], 
    "proj": null, 
    "utfurl": "", 
    "data_download": "", 
    "metadata": "", 
    "opacity": 0.5, 
    "vector_color": "", 
    "attribute_event": "click", 
    "description": "Summarized coral (excluding pennatulids) and sponge presence within 1x1 km cells", 
    "attribute_fields": [], 
    "vector_fill": null, 
    "data_overview": null, 
    "slug_name": "sum-coralsponge-presence-1km", 
    "summarize_to_grid": false, 
    "lookup_field": "", 
    "legend": "", 
    "shareable_url": true, 
    "data_source": "", 
    "data_notes": "", 
    "name": "Sum. Coral/Sponge Presence (1km)", 
    "sublayers": [], 
    "url": "http://tiles.ecotrust.org/tiles/PEW_Corals_and_Sponges_1km_presence/${z}/${x}/${y}.png", 
    "proxy_url": false, 
    "arcgis_layers": "", 
    "bookmark": null, 
    "legend_title": "", 
    "attribute_title": "", 
    "utfjsonp": false, 
    "wms_slug": null
  }
},
{
  "pk": 387, 
  "model": "data_manager.layer", 
  "fields": {
    "layer_type": "XYZ", 
    "themes": [], 
    "is_sublayer": false, 
    "compress_display": false, 
    "map_tiles": null, 
    "legend_subtitle": "", 
    "filterable": false, 
    "vector_graphic": "", 
    "kml": null, 
    "source": "", 
    "lookup_table": [], 
    "proj": null, 
    "utfurl": "", 
    "data_download": "", 
    "metadata": "", 
    "opacity": 0.5, 
    "vector_color": "", 
    "attribute_event": "click", 
    "description": "Summarized coral (excluding pennatulids) and sponge relative abundance within 2x2 km cells", 
    "attribute_fields": [], 
    "vector_fill": null, 
    "data_overview": null, 
    "slug_name": "sum-coralsponge-rel-ab-2km", 
    "summarize_to_grid": false, 
    "lookup_field": "", 
    "legend": "", 
    "shareable_url": true, 
    "data_source": "", 
    "data_notes": "", 
    "name": "Sum. Coral/Sponge Rel. Ab. (2km)", 
    "sublayers": [], 
    "url": "http://tiles.ecotrust.org/tiles/PEW_Corals_and_Sponges_2km_abundance/${z}/${x}/${y}.png", 
    "proxy_url": false, 
    "arcgis_layers": "", 
    "bookmark": null, 
    "legend_title": "", 
    "attribute_title": "", 
    "utfjsonp": false, 
    "wms_slug": null
  }
},
{
  "pk": 388, 
  "model": "data_manager.layer", 
  "fields": {
    "layer_type": "XYZ", 
    "themes": [], 
    "is_sublayer": false, 
    "compress_display": false, 
    "map_tiles": null, 
    "legend_subtitle": "", 
    "filterable": false, 
    "vector_graphic": "", 
    "kml": null, 
    "source": "", 
    "lookup_table": [], 
    "proj": null, 
    "utfurl": "", 
    "data_download": "", 
    "metadata": "", 
    "opacity": 0.5, 
    "vector_color": "", 
    "attribute_event": "click", 
    "description": "Predicted habitat suitability for all 6 relevant taxa of deep-sea coral", 
    "attribute_fields": [], 
    "vector_fill": null, 
    "data_overview": null, 
    "slug_name": "phs-taxa-of-deep-sea-coral", 
    "summarize_to_grid": false, 
    "lookup_field": "", 
    "legend": "", 
    "shareable_url": true, 
    "data_source": "", 
    "data_notes": "", 
    "name": "PHS Taxa of Deep-sea Coral", 
    "sublayers": [], 
    "url": "http://tiles.ecotrust.org/tiles/PEW_coral_sponge_pred_hab_suit_all/${z}/${x}/${y}.png", 
    "proxy_url": false, 
    "arcgis_layers": "", 
    "bookmark": null, 
    "legend_title": "", 
    "attribute_title": "", 
    "utfjsonp": false, 
    "wms_slug": null
  }
},
{
  "pk": 389, 
  "model": "data_manager.layer", 
  "fields": {
    "layer_type": "XYZ", 
    "themes": [], 
    "is_sublayer": false, 
    "compress_display": false, 
    "map_tiles": null, 
    "legend_subtitle": "", 
    "filterable": false, 
    "vector_graphic": "", 
    "kml": null, 
    "source": "", 
    "lookup_table": [], 
    "proj": null, 
    "utfurl": "", 
    "data_download": "", 
    "metadata": "", 
    "opacity": 0.5, 
    "vector_color": "", 
    "attribute_event": "click", 
    "description": "Predicted habitat suitability for taxa of Order Antipatharia", 
    "attribute_fields": [], 
    "vector_fill": null, 
    "data_overview": null, 
    "slug_name": "phs-taxa-of-order-antipatharia", 
    "summarize_to_grid": false, 
    "lookup_field": "", 
    "legend": "", 
    "shareable_url": true, 
    "data_source": "", 
    "data_notes": "", 
    "name": "PHS Taxa of Order Antipatharia", 
    "sublayers": [], 
    "url": "http://tiles.ecotrust.org/tiles/PEW_coral_sponge_pred_hab_suit_order_antip/${z}/${x}/${y}.png", 
    "proxy_url": false, 
    "arcgis_layers": "", 
    "bookmark": null, 
    "legend_title": "", 
    "attribute_title": "", 
    "utfjsonp": false, 
    "wms_slug": null
  }
},
{
  "pk": 390, 
  "model": "data_manager.layer", 
  "fields": {
    "layer_type": "XYZ", 
    "themes": [], 
    "is_sublayer": false, 
    "compress_display": false, 
    "map_tiles": null, 
    "legend_subtitle": "", 
    "filterable": false, 
    "vector_graphic": "", 
    "kml": null, 
    "source": "", 
    "lookup_table": [], 
    "proj": null, 
    "utfurl": "", 
    "data_download": "", 
    "metadata": "", 
    "opacity": 0.5, 
    "vector_color": "", 
    "attribute_event": "click", 
    "description": "Predicted habitat suitability for taxa of Order Scleractinia", 
    "attribute_fields": [], 
    "vector_fill": null, 
    "data_overview": null, 
    "slug_name": "phs-taxa-of-order-scleractinia", 
    "summarize_to_grid": false, 
    "lookup_field": "", 
    "legend": "", 
    "shareable_url": true, 
    "data_source": "", 
    "data_notes": "", 
    "name": "PHS Taxa of Order Scleractinia", 
    "sublayers": [], 
    "url": "http://tiles.ecotrust.org/tiles/PEW_coral_sponge_pred_hab_suit_order_sclr/${z}/${x}/${y}.png", 
    "proxy_url": false, 
    "arcgis_layers": "", 
    "bookmark": null, 
    "legend_title": "", 
    "attribute_title": "", 
    "utfjsonp": false, 
    "wms_slug": null
  }
},
{
  "pk": 391, 
  "model": "data_manager.layer", 
  "fields": {
    "layer_type": "XYZ", 
    "themes": [], 
    "is_sublayer": false, 
    "compress_display": false, 
    "map_tiles": null, 
    "legend_subtitle": "", 
    "filterable": false, 
    "vector_graphic": "", 
    "kml": null, 
    "source": "", 
    "lookup_table": [], 
    "proj": null, 
    "utfurl": "", 
    "data_download": "", 
    "metadata": "", 
    "opacity": 0.5, 
    "vector_color": "", 
    "attribute_event": "click", 
    "description": "Predicted habitat suitability for taxa of Suborder Alcyoniina\r\n", 
    "attribute_fields": [], 
    "vector_fill": null, 
    "data_overview": null, 
    "slug_name": "phs-taxa-of-suborder-alcyoniina", 
    "summarize_to_grid": false, 
    "lookup_field": "", 
    "legend": "", 
    "shareable_url": true, 
    "data_source": "", 
    "data_notes": "", 
    "name": "PHS Taxa of Suborder Alcyoniina", 
    "sublayers": [], 
    "url": "http://tiles.ecotrust.org/tiles/PEW_coral_sponge_pred_hab_suit_sub_alcy/${z}/${x}/${y}.png", 
    "proxy_url": false, 
    "arcgis_layers": "", 
    "bookmark": null, 
    "legend_title": "", 
    "attribute_title": "", 
    "utfjsonp": false, 
    "wms_slug": null
  }
},
{
  "pk": 392, 
  "model": "data_manager.layer", 
  "fields": {
    "layer_type": "XYZ", 
    "themes": [], 
    "is_sublayer": false, 
    "compress_display": false, 
    "map_tiles": null, 
    "legend_subtitle": "", 
    "filterable": false, 
    "vector_graphic": "", 
    "kml": null, 
    "source": "", 
    "lookup_table": [], 
    "proj": null, 
    "utfurl": "", 
    "data_download": "", 
    "metadata": "", 
    "opacity": 0.5, 
    "vector_color": "", 
    "attribute_event": "click", 
    "description": "Predicted habitat suitability for taxa of Suborder Calcaxonia", 
    "attribute_fields": [], 
    "vector_fill": null, 
    "data_overview": null, 
    "slug_name": "phs-taxa-of-suborder-cacloxonia", 
    "summarize_to_grid": false, 
    "lookup_field": "", 
    "legend": "", 
    "shareable_url": true, 
    "data_source": "", 
    "data_notes": "", 
    "name": "PHS Taxa of Suborder Cacloxonia", 
    "sublayers": [], 
    "url": "http://tiles.ecotrust.org/tiles/PEW_coral_sponge_pred_hab_suit_sub_calc/${z}/${x}/${y}.png", 
    "proxy_url": false, 
    "arcgis_layers": "", 
    "bookmark": null, 
    "legend_title": "", 
    "attribute_title": "", 
    "utfjsonp": false, 
    "wms_slug": null
  }
},
{
  "pk": 393, 
  "model": "data_manager.layer", 
  "fields": {
    "layer_type": "XYZ", 
    "themes": [], 
    "is_sublayer": false, 
    "compress_display": false, 
    "map_tiles": null, 
    "legend_subtitle": "", 
    "filterable": false, 
    "vector_graphic": "", 
    "kml": null, 
    "source": "", 
    "lookup_table": [], 
    "proj": null, 
    "utfurl": "", 
    "data_download": "", 
    "metadata": "", 
    "opacity": 0.5, 
    "vector_color": "", 
    "attribute_event": "click", 
    "description": "Predicted habitat suitability for taxa of Suborder Holaxonia", 
    "attribute_fields": [], 
    "vector_fill": null, 
    "data_overview": null, 
    "slug_name": "phs-taxa-of-suborder-holaxonia", 
    "summarize_to_grid": false, 
    "lookup_field": "", 
    "legend": "", 
    "shareable_url": true, 
    "data_source": "", 
    "data_notes": "", 
    "name": "PHS Taxa of Suborder Holaxonia", 
    "sublayers": [], 
    "url": "http://tiles.ecotrust.org/tiles/PEW_coral_sponge_pred_hab_suit_sub_hola/${z}/${x}/${y}.png", 
    "proxy_url": false, 
    "arcgis_layers": "", 
    "bookmark": null, 
    "legend_title": "", 
    "attribute_title": "", 
    "utfjsonp": false, 
    "wms_slug": null
  }
},
{
  "pk": 394, 
  "model": "data_manager.layer", 
  "fields": {
    "layer_type": "XYZ", 
    "themes": [], 
    "is_sublayer": false, 
    "compress_display": false, 
    "map_tiles": null, 
    "legend_subtitle": "", 
    "filterable": false, 
    "vector_graphic": "", 
    "kml": null, 
    "source": "", 
    "lookup_table": [], 
    "proj": null, 
    "utfurl": "", 
    "data_download": "", 
    "metadata": "", 
    "opacity": 0.5, 
    "vector_color": "", 
    "attribute_event": "click", 
    "description": "Predicted habitat suitability for taxa of Suborder Scleraxonia", 
    "attribute_fields": [], 
    "vector_fill": null, 
    "data_overview": null, 
    "slug_name": "phs-taxa-of-suborder-scleraxonia", 
    "summarize_to_grid": false, 
    "lookup_field": "", 
    "legend": "", 
    "shareable_url": true, 
    "data_source": "", 
    "data_notes": "", 
    "name": "PHS Taxa of Suborder Scleraxonia", 
    "sublayers": [], 
    "url": "http://tiles.ecotrust.org/tiles/PEW_coral_sponge_pred_hab_suit_sub_sclx/${z}/${x}/${y}.png", 
    "proxy_url": false, 
    "arcgis_layers": "", 
    "bookmark": null, 
    "legend_title": "", 
    "attribute_title": "", 
    "utfjsonp": false, 
    "wms_slug": null
  }
},
{
  "pk": 395, 
  "model": "data_manager.layer", 
  "fields": {
    "layer_type": "XYZ", 
    "themes": [], 
    "is_sublayer": false, 
    "compress_display": false, 
    "map_tiles": null, 
    "legend_subtitle": "", 
    "filterable": false, 
    "vector_graphic": "", 
    "kml": null, 
    "source": "", 
    "lookup_table": [], 
    "proj": null, 
    "utfurl": "", 
    "data_download": "", 
    "metadata": "", 
    "opacity": 0.5, 
    "vector_color": "", 
    "attribute_event": "click", 
    "description": "U.S. West Coast exclusive economic zone", 
    "attribute_fields": [], 
    "vector_fill": null, 
    "data_overview": null, 
    "slug_name": "us-eez", 
    "summarize_to_grid": false, 
    "lookup_field": "", 
    "legend": "", 
    "shareable_url": true, 
    "data_source": "", 
    "data_notes": "", 
    "name": "U.S. EEZ", 
    "sublayers": [], 
    "url": "http://tiles.ecotrust.org/tiles/PEW_EEZ_boundary/${z}/${x}/${y}.png", 
    "proxy_url": false, 
    "arcgis_layers": "", 
    "bookmark": null, 
    "legend_title": "", 
    "attribute_title": "", 
    "utfjsonp": false, 
    "wms_slug": null
  }
},
{
  "pk": 396, 
  "model": "data_manager.layer", 
  "fields": {
    "layer_type": "XYZ", 
    "themes": [], 
    "is_sublayer": false, 
    "compress_display": false, 
    "map_tiles": null, 
    "legend_subtitle": "", 
    "filterable": false, 
    "vector_graphic": "", 
    "kml": null, 
    "source": "", 
    "lookup_table": [], 
    "proj": null, 
    "utfurl": "", 
    "data_download": "", 
    "metadata": "", 
    "opacity": 0.5, 
    "vector_color": "", 
    "attribute_event": "click", 
    "description": "Essential fish habitat conservation areas", 
    "attribute_fields": [], 
    "vector_fill": null, 
    "data_overview": null, 
    "slug_name": "efh-conservation-areas", 
    "summarize_to_grid": false, 
    "lookup_field": "", 
    "legend": "", 
    "shareable_url": true, 
    "data_source": "", 
    "data_notes": "", 
    "name": "EFH Conservation Areas", 
    "sublayers": [], 
    "url": "http://tiles.ecotrust.org/tiles/PEW_EFH_conservation_areas/${z}/${x}/${y}.png", 
    "proxy_url": false, 
    "arcgis_layers": "", 
    "bookmark": null, 
    "legend_title": "", 
    "attribute_title": "", 
    "utfjsonp": false, 
    "wms_slug": null
  }
},
{
  "pk": 397, 
  "model": "data_manager.layer", 
  "fields": {
    "layer_type": "XYZ", 
    "themes": [], 
    "is_sublayer": false, 
    "compress_display": false, 
    "map_tiles": null, 
    "legend_subtitle": "", 
    "filterable": false, 
    "vector_graphic": "", 
    "kml": null, 
    "source": "", 
    "lookup_table": [], 
    "proj": null, 
    "utfurl": "", 
    "data_download": "", 
    "metadata": "", 
    "opacity": 0.5, 
    "vector_color": "", 
    "attribute_event": "click", 
    "description": "Essential fish habitat seaward of the 700 fathom line", 
    "attribute_fields": [], 
    "vector_fill": null, 
    "data_overview": null, 
    "slug_name": "efh-seaward-700-fathoms", 
    "summarize_to_grid": false, 
    "lookup_field": "", 
    "legend": "", 
    "shareable_url": true, 
    "data_source": "", 
    "data_notes": "", 
    "name": "EFH Seaward 700 Fathoms", 
    "sublayers": [], 
    "url": "http://tiles.ecotrust.org/tiles/PEW_EFH_outside_700fa/${z}/${x}/${y}.png", 
    "proxy_url": false, 
    "arcgis_layers": "", 
    "bookmark": null, 
    "legend_title": "", 
    "attribute_title": "", 
    "utfjsonp": false, 
    "wms_slug": null
  }
},
{
  "pk": 398, 
  "model": "data_manager.layer", 
  "fields": {
    "layer_type": "XYZ", 
    "themes": [], 
    "is_sublayer": false, 
    "compress_display": false, 
    "map_tiles": null, 
    "legend_subtitle": "", 
    "filterable": false, 
    "vector_graphic": "", 
    "kml": null, 
    "source": "", 
    "lookup_table": [], 
    "proj": null, 
    "utfurl": "", 
    "data_download": "", 
    "metadata": "", 
    "opacity": 0.5, 
    "vector_color": "", 
    "attribute_event": "click", 
    "description": "Essential fish habitat proposal - Eel River", 
    "attribute_fields": [], 
    "vector_fill": null, 
    "data_overview": null, 
    "slug_name": "efh-proposal-eel-river", 
    "summarize_to_grid": false, 
    "lookup_field": "", 
    "legend": "", 
    "shareable_url": true, 
    "data_source": "", 
    "data_notes": "", 
    "name": "EFH Proposal- Eel River", 
    "sublayers": [], 
    "url": "http://tiles.ecotrust.org/tiles/PEW_EFH_proposal_FMA_Eel_River/${z}/${x}/${y}.png", 
    "proxy_url": false, 
    "arcgis_layers": "", 
    "bookmark": null, 
    "legend_title": "", 
    "attribute_title": "", 
    "utfjsonp": false, 
    "wms_slug": null
  }
},
{
  "pk": 399, 
  "model": "data_manager.layer", 
  "fields": {
    "layer_type": "XYZ", 
    "themes": [], 
    "is_sublayer": false, 
    "compress_display": false, 
    "map_tiles": null, 
    "legend_subtitle": "", 
    "filterable": false, 
    "vector_graphic": "", 
    "kml": null, 
    "source": "", 
    "lookup_table": [], 
    "proj": null, 
    "utfurl": "", 
    "data_download": "", 
    "metadata": "", 
    "opacity": 0.5, 
    "vector_color": "", 
    "attribute_event": "click", 
    "description": "Essential fish habitat proposal - Gulf of the Farallones National Marine Sanctuary", 
    "attribute_fields": [], 
    "vector_fill": null, 
    "data_overview": null, 
    "slug_name": "efh-proposal-gulf-of-the-farallones-nms", 
    "summarize_to_grid": false, 
    "lookup_field": "", 
    "legend": "", 
    "shareable_url": true, 
    "data_source": "", 
    "data_notes": "", 
    "name": "EFH Proposal- Gulf of the Farallones NMS", 
    "sublayers": [], 
    "url": "http://tiles.ecotrust.org/tiles/PEW_EFH_proposal_GFNMS/${z}/${x}/${y}.png", 
    "proxy_url": false, 
    "arcgis_layers": "", 
    "bookmark": null, 
    "legend_title": "", 
    "attribute_title": "", 
    "utfjsonp": false, 
    "wms_slug": null
  }
},
{
  "pk": 400, 
  "model": "data_manager.layer", 
  "fields": {
    "layer_type": "XYZ", 
    "themes": [], 
    "is_sublayer": false, 
    "compress_display": false, 
    "map_tiles": null, 
    "legend_subtitle": "", 
    "filterable": false, 
    "vector_graphic": "", 
    "kml": null, 
    "source": "", 
    "lookup_table": [], 
    "proj": null, 
    "utfurl": "", 
    "data_download": "", 
    "metadata": "", 
    "opacity": 0.5, 
    "vector_color": "", 
    "attribute_event": "click", 
    "description": "Essential fish habitat proposal - Greenpeace", 
    "attribute_fields": [], 
    "vector_fill": null, 
    "data_overview": null, 
    "slug_name": "efh-proposal-greenpeace", 
    "summarize_to_grid": false, 
    "lookup_field": "", 
    "legend": "", 
    "shareable_url": true, 
    "data_source": "", 
    "data_notes": "", 
    "name": "EFH Proposal- Greenpeace", 
    "sublayers": [], 
    "url": "http://tiles.ecotrust.org/tiles/PEW_EFH_proposal_Greenpeace/${z}/${x}/${y}.png", 
    "proxy_url": false, 
    "arcgis_layers": "", 
    "bookmark": null, 
    "legend_title": "", 
    "attribute_title": "", 
    "utfjsonp": false, 
    "wms_slug": null
  }
},
{
  "pk": 401, 
  "model": "data_manager.layer", 
  "fields": {
    "layer_type": "XYZ", 
    "themes": [], 
    "is_sublayer": false, 
    "compress_display": false, 
    "map_tiles": null, 
    "legend_subtitle": "", 
    "filterable": false, 
    "vector_graphic": "", 
    "kml": null, 
    "source": "", 
    "lookup_table": [], 
    "proj": null, 
    "utfurl": "", 
    "data_download": "", 
    "metadata": "", 
    "opacity": 0.5, 
    "vector_color": "", 
    "attribute_event": "click", 
    "description": "Essential fish habitat proposal - Monterey Bay National Marine Sanctuary", 
    "attribute_fields": [], 
    "vector_fill": null, 
    "data_overview": null, 
    "slug_name": "efh-proposal-monterey-bay-nms", 
    "summarize_to_grid": false, 
    "lookup_field": "", 
    "legend": "", 
    "shareable_url": true, 
    "data_source": "", 
    "data_notes": "", 
    "name": "EFH Proposal- Monterey Bay NMS", 
    "sublayers": [], 
    "url": "http://tiles.ecotrust.org/tiles/PEW_EFH_proposal_MBNMS/${z}/${x}/${y}.png", 
    "proxy_url": false, 
    "arcgis_layers": "", 
    "bookmark": null, 
    "legend_title": "", 
    "attribute_title": "", 
    "utfjsonp": false, 
    "wms_slug": null
  }
},
{
  "pk": 402, 
  "model": "data_manager.layer", 
  "fields": {
    "layer_type": "XYZ", 
    "themes": [], 
    "is_sublayer": false, 
    "compress_display": false, 
    "map_tiles": null, 
    "legend_subtitle": "", 
    "filterable": false, 
    "vector_graphic": "", 
    "kml": null, 
    "source": "", 
    "lookup_table": [], 
    "proj": null, 
    "utfurl": "", 
    "data_download": "", 
    "metadata": "", 
    "opacity": 0.5, 
    "vector_color": "", 
    "attribute_event": "click", 
    "description": "Essential fish habitat proposal - MCI", 
    "attribute_fields": [], 
    "vector_fill": null, 
    "data_overview": null, 
    "slug_name": "efh-proposal-mci", 
    "summarize_to_grid": false, 
    "lookup_field": "", 
    "legend": "", 
    "shareable_url": true, 
    "data_source": "", 
    "data_notes": "", 
    "name": "EFH Proposal- MCI", 
    "sublayers": [], 
    "url": "http://tiles.ecotrust.org/tiles/PEW_EFH_proposal_MCI/${z}/${x}/${y}.png", 
    "proxy_url": false, 
    "arcgis_layers": "", 
    "bookmark": null, 
    "legend_title": "", 
    "attribute_title": "", 
    "utfjsonp": false, 
    "wms_slug": null
  }
},
{
  "pk": 403, 
  "model": "data_manager.layer", 
  "fields": {
    "layer_type": "XYZ", 
    "themes": [], 
    "is_sublayer": false, 
    "compress_display": false, 
    "map_tiles": null, 
    "legend_subtitle": "", 
    "filterable": false, 
    "vector_graphic": "", 
    "kml": null, 
    "source": "", 
    "lookup_table": [], 
    "proj": null, 
    "utfurl": "", 
    "data_download": "", 
    "metadata": "", 
    "opacity": 0.5, 
    "vector_color": "", 
    "attribute_event": "click", 
    "description": "Essential fish habitat proposal - Oceana", 
    "attribute_fields": [], 
    "vector_fill": null, 
    "data_overview": null, 
    "slug_name": "efh-proposal-oceana", 
    "summarize_to_grid": false, 
    "lookup_field": "", 
    "legend": "", 
    "shareable_url": true, 
    "data_source": "", 
    "data_notes": "", 
    "name": "EFH Proposal- Oceana", 
    "sublayers": [], 
    "url": "http://tiles.ecotrust.org/tiles/PEW_EFH_proposal_Oceana/${z}/${x}/${y}.png", 
    "proxy_url": false, 
    "arcgis_layers": "", 
    "bookmark": null, 
    "legend_title": "", 
    "attribute_title": "", 
    "utfjsonp": false, 
    "wms_slug": null
  }
},
{
  "pk": 404, 
  "model": "data_manager.layer", 
  "fields": {
    "layer_type": "XYZ", 
    "themes": [], 
    "is_sublayer": false, 
    "compress_display": false, 
    "map_tiles": null, 
    "legend_subtitle": "", 
    "filterable": false, 
    "vector_graphic": "", 
    "kml": null, 
    "source": "", 
    "lookup_table": [], 
    "proj": null, 
    "utfurl": "", 
    "data_download": "", 
    "metadata": "", 
    "opacity": 0.5, 
    "vector_color": "", 
    "attribute_event": "click", 
    "description": "Essential fish habitat proposal - Olympic Coast National Marine Sanctuary option 1", 
    "attribute_fields": [], 
    "vector_fill": null, 
    "data_overview": null, 
    "slug_name": "efh-proposal-olympic-coast-nms-1", 
    "summarize_to_grid": false, 
    "lookup_field": "", 
    "legend": "", 
    "shareable_url": true, 
    "data_source": "", 
    "data_notes": "", 
    "name": "EFH Proposal- Olympic Coast NMS 1", 
    "sublayers": [], 
    "url": "http://tiles.ecotrust.org/tiles/PEW_EFH_proposal_OCNMS_1/${z}/${x}/${y}.png", 
    "proxy_url": false, 
    "arcgis_layers": "", 
    "bookmark": null, 
    "legend_title": "", 
    "attribute_title": "", 
    "utfjsonp": false, 
    "wms_slug": null
  }
},
{
  "pk": 405, 
  "model": "data_manager.layer", 
  "fields": {
    "layer_type": "XYZ", 
    "themes": [], 
    "is_sublayer": false, 
    "compress_display": false, 
    "map_tiles": null, 
    "legend_subtitle": "", 
    "filterable": false, 
    "vector_graphic": "", 
    "kml": null, 
    "source": "", 
    "lookup_table": [], 
    "proj": null, 
    "utfurl": "", 
    "data_download": "", 
    "metadata": "", 
    "opacity": 0.5, 
    "vector_color": "", 
    "attribute_event": "click", 
    "description": "Essential fish habitat proposal - Olympic Coast National Marine Sanctuary option 2", 
    "attribute_fields": [], 
    "vector_fill": null, 
    "data_overview": null, 
    "slug_name": "efh-proposal-olympic-coast-nms-2", 
    "summarize_to_grid": false, 
    "lookup_field": "", 
    "legend": "", 
    "shareable_url": true, 
    "data_source": "", 
    "data_notes": "", 
    "name": "EFH Proposal- Olympic Coast NMS 2", 
    "sublayers": [], 
    "url": "http://tiles.ecotrust.org/tiles/PEW_EFH_proposal_OCNMS_2/${z}/${x}/${y}.png", 
    "proxy_url": false, 
    "arcgis_layers": "", 
    "bookmark": null, 
    "legend_title": "", 
    "attribute_title": "", 
    "utfjsonp": false, 
    "wms_slug": null
  }
},
{
  "pk": 406, 
  "model": "data_manager.layer", 
  "fields": {
    "layer_type": "XYZ", 
    "themes": [], 
    "is_sublayer": false, 
    "compress_display": false, 
    "map_tiles": null, 
    "legend_subtitle": "", 
    "filterable": false, 
    "vector_graphic": "", 
    "kml": null, 
    "source": "", 
    "lookup_table": [], 
    "proj": null, 
    "utfurl": "", 
    "data_download": "", 
    "metadata": "", 
    "opacity": 0.5, 
    "vector_color": "", 
    "attribute_event": "click", 
    "description": "Essential fish habitat proposal - Olympic Coast National Marine Sanctuary option 3", 
    "attribute_fields": [], 
    "vector_fill": null, 
    "data_overview": null, 
    "slug_name": "efh-proposal-olympic-coast-nms-3", 
    "summarize_to_grid": false, 
    "lookup_field": "", 
    "legend": "", 
    "shareable_url": true, 
    "data_source": "", 
    "data_notes": "", 
    "name": "EFH Proposal- Olympic Coast NMS 3", 
    "sublayers": [], 
    "url": "http://tiles.ecotrust.org/tiles/PEW_EFH_proposal_OCNMS_3/${z}/${x}/${y}.png", 
    "proxy_url": false, 
    "arcgis_layers": "", 
    "bookmark": null, 
    "legend_title": "", 
    "attribute_title": "", 
    "utfjsonp": false, 
    "wms_slug": null
  }
},
{
  "pk": 407, 
  "model": "data_manager.layer", 
  "fields": {
    "layer_type": "XYZ", 
    "themes": [], 
    "is_sublayer": false, 
    "compress_display": false, 
    "map_tiles": null, 
    "legend_subtitle": "", 
    "filterable": false, 
    "vector_graphic": "", 
    "kml": null, 
    "source": "", 
    "lookup_table": [], 
    "proj": null, 
    "utfurl": "", 
    "data_download": "", 
    "metadata": "", 
    "opacity": 0.5, 
    "vector_color": "", 
    "attribute_event": "click", 
    "description": "Spatial extent of commercial bottom trawling off the U.S. West Coast (June 12, 2006 - December 31, 2010)", 
    "attribute_fields": [], 
    "vector_fill": null, 
    "data_overview": null, 
    "slug_name": "bottom-trawl-extent-2006-2010", 
    "summarize_to_grid": false, 
    "lookup_field": "", 
    "legend": "", 
    "shareable_url": true, 
    "data_source": "", 
    "data_notes": "", 
    "name": "Bottom Trawl Extent (2006-2010)", 
    "sublayers": [], 
    "url": "http://tiles.ecotrust.org/tiles/PEW_fishing_effort_extent_after_bottom_trawl/${z}/${x}/${y}.png", 
    "proxy_url": false, 
    "arcgis_layers": "", 
    "bookmark": null, 
    "legend_title": "", 
    "attribute_title": "", 
    "utfjsonp": false, 
    "wms_slug": null
  }
},
{
  "pk": 408, 
  "model": "data_manager.layer", 
  "fields": {
    "layer_type": "XYZ", 
    "themes": [], 
    "is_sublayer": false, 
    "compress_display": false, 
    "map_tiles": null, 
    "legend_subtitle": "", 
    "filterable": false, 
    "vector_graphic": "", 
    "kml": null, 
    "source": "", 
    "lookup_table": [], 
    "proj": null, 
    "utfurl": "", 
    "data_download": "", 
    "metadata": "", 
    "opacity": 0.5, 
    "vector_color": "", 
    "attribute_event": "click", 
    "description": "Spatial extent of commercial fixed gear fishing off the U.S. West Coast (June 12, 2006 - December 31, 2010)", 
    "attribute_fields": [], 
    "vector_fill": null, 
    "data_overview": null, 
    "slug_name": "fixed-gear-extent-2006-2010", 
    "summarize_to_grid": false, 
    "lookup_field": "", 
    "legend": "", 
    "shareable_url": true, 
    "data_source": "", 
    "data_notes": "", 
    "name": "Fixed Gear Extent (2006-2010)", 
    "sublayers": [], 
    "url": "http://tiles.ecotrust.org/tiles/PEW_fishing_effort_extent_after_fixed_gear/${z}/${x}/${y}.png", 
    "proxy_url": false, 
    "arcgis_layers": "", 
    "bookmark": null, 
    "legend_title": "", 
    "attribute_title": "", 
    "utfjsonp": false, 
    "wms_slug": null
  }
},
{
  "pk": 409, 
  "model": "data_manager.layer", 
  "fields": {
    "layer_type": "XYZ", 
    "themes": [], 
    "is_sublayer": false, 
    "compress_display": false, 
    "map_tiles": null, 
    "legend_subtitle": "", 
    "filterable": false, 
    "vector_graphic": "", 
    "kml": null, 
    "source": "", 
    "lookup_table": [], 
    "proj": null, 
    "utfurl": "", 
    "data_download": "", 
    "metadata": "", 
    "opacity": 0.5, 
    "vector_color": "", 
    "attribute_event": "click", 
    "description": "Spatial extent of commercial mid-water trawling off the U.S. West Coast (June 12, 2006 - December 31, 2010)", 
    "attribute_fields": [], 
    "vector_fill": null, 
    "data_overview": null, 
    "slug_name": "mid-trawl-extent-2006-2010", 
    "summarize_to_grid": false, 
    "lookup_field": "", 
    "legend": "", 
    "shareable_url": true, 
    "data_source": "", 
    "data_notes": "", 
    "name": "Mid Trawl Extent (2006-2010)", 
    "sublayers": [], 
    "url": "http://tiles.ecotrust.org/tiles/PEW_fishing_effort_extent_after_midwater_trawl/${z}/${x}/${y}.png", 
    "proxy_url": false, 
    "arcgis_layers": "", 
    "bookmark": null, 
    "legend_title": "", 
    "attribute_title": "", 
    "utfjsonp": false, 
    "wms_slug": null
  }
},
{
  "pk": 410, 
  "model": "data_manager.layer", 
  "fields": {
    "layer_type": "XYZ", 
    "themes": [], 
    "is_sublayer": false, 
    "compress_display": false, 
    "map_tiles": null, 
    "legend_subtitle": "", 
    "filterable": false, 
    "vector_graphic": "", 
    "kml": null, 
    "source": "", 
    "lookup_table": [], 
    "proj": null, 
    "utfurl": "", 
    "data_download": "", 
    "metadata": "", 
    "opacity": 0.5, 
    "vector_color": "", 
    "attribute_event": "click", 
    "description": "Spatial extent of commercial bottom trawling off the U.S. West Coast (January 1, 2002 - June 11, 2006)", 
    "attribute_fields": [], 
    "vector_fill": null, 
    "data_overview": null, 
    "slug_name": "bottom-trawl-extent-2002-2006", 
    "summarize_to_grid": false, 
    "lookup_field": "", 
    "legend": "", 
    "shareable_url": true, 
    "data_source": "", 
    "data_notes": "", 
    "name": "Bottom Trawl Extent (2002-2006)", 
    "sublayers": [], 
    "url": "http://tiles.ecotrust.org/tiles/PEW_fishing_effort_extent_before_bottom_trawl/${z}/${x}/${y}.png", 
    "proxy_url": false, 
    "arcgis_layers": "", 
    "bookmark": null, 
    "legend_title": "", 
    "attribute_title": "", 
    "utfjsonp": false, 
    "wms_slug": null
  }
},
{
  "pk": 411, 
  "model": "data_manager.layer", 
  "fields": {
    "layer_type": "XYZ", 
    "themes": [], 
    "is_sublayer": false, 
    "compress_display": false, 
    "map_tiles": null, 
    "legend_subtitle": "", 
    "filterable": false, 
    "vector_graphic": "", 
    "kml": null, 
    "source": "", 
    "lookup_table": [], 
    "proj": null, 
    "utfurl": "", 
    "data_download": "", 
    "metadata": "", 
    "opacity": 0.5, 
    "vector_color": "", 
    "attribute_event": "click", 
    "description": "Spatial extent of commercial fixed gear fishing off the U.S. West Coast (January 1, 2002 - June 11, 2006)", 
    "attribute_fields": [], 
    "vector_fill": null, 
    "data_overview": null, 
    "slug_name": "fixed-gear-extent-2002-2006", 
    "summarize_to_grid": false, 
    "lookup_field": "", 
    "legend": "", 
    "shareable_url": true, 
    "data_source": "", 
    "data_notes": "", 
    "name": "Fixed Gear Extent (2002-2006)", 
    "sublayers": [], 
    "url": "http://tiles.ecotrust.org/tiles/PEW_fishing_effort_extent_before_fixed_gear/${z}/${x}/${y}.png", 
    "proxy_url": false, 
    "arcgis_layers": "", 
    "bookmark": null, 
    "legend_title": "", 
    "attribute_title": "", 
    "utfjsonp": false, 
    "wms_slug": null
  }
},
{
  "pk": 412, 
  "model": "data_manager.layer", 
  "fields": {
    "layer_type": "XYZ", 
    "themes": [], 
    "is_sublayer": false, 
    "compress_display": false, 
    "map_tiles": null, 
    "legend_subtitle": "", 
    "filterable": false, 
    "vector_graphic": "", 
    "kml": null, 
    "source": "", 
    "lookup_table": [], 
    "proj": null, 
    "utfurl": "", 
    "data_download": "", 
    "metadata": "", 
    "opacity": 0.5, 
    "vector_color": "", 
    "attribute_event": "click", 
    "description": "Spatial extent of commercial mid-water trawling off the U.S. West Coast (January 1, 2002 - June 11, 2006)", 
    "attribute_fields": [], 
    "vector_fill": null, 
    "data_overview": null, 
    "slug_name": "mid-trawl-extent-2002-2006", 
    "summarize_to_grid": false, 
    "lookup_field": "", 
    "legend": "", 
    "shareable_url": true, 
    "data_source": "", 
    "data_notes": "", 
    "name": "Mid Trawl Extent (2002-2006)", 
    "sublayers": [], 
    "url": "http://tiles.ecotrust.org/tiles/PEW_fishing_effort_extent_before_midwater_trawl/${z}/${x}/${y}.png", 
    "proxy_url": false, 
    "arcgis_layers": "", 
    "bookmark": null, 
    "legend_title": "", 
    "attribute_title": "", 
    "utfjsonp": false, 
    "wms_slug": null
  }
},
{
  "pk": 413, 
  "model": "data_manager.layer", 
  "fields": {
    "layer_type": "XYZ", 
    "themes": [], 
    "is_sublayer": false, 
    "compress_display": false, 
    "map_tiles": null, 
    "legend_subtitle": "", 
    "filterable": false, 
    "vector_graphic": "", 
    "kml": null, 
    "source": "", 
    "lookup_table": [], 
    "proj": null, 
    "utfurl": "", 
    "data_download": "", 
    "metadata": "", 
    "opacity": 0.5, 
    "vector_color": "", 
    "attribute_event": "click", 
    "description": "Relative intensity of commercial bottom trawling off the U.S. West Coast (June 12, 2006 - December 31, 2010)", 
    "attribute_fields": [], 
    "vector_fill": null, 
    "data_overview": null, 
    "slug_name": "bottom-trawl-intensity-2006-2010", 
    "summarize_to_grid": false, 
    "lookup_field": "", 
    "legend": "", 
    "shareable_url": true, 
    "data_source": "", 
    "data_notes": "", 
    "name": "Bottom Trawl Intensity (2006-2010)", 
    "sublayers": [], 
    "url": "http://tiles.ecotrust.org/tiles/PEW_fishing_effort_intensity_after_bottom_trawl/${z}/${x}/${y}.png", 
    "proxy_url": false, 
    "arcgis_layers": "", 
    "bookmark": null, 
    "legend_title": "", 
    "attribute_title": "", 
    "utfjsonp": false, 
    "wms_slug": null
  }
},
{
  "pk": 414, 
  "model": "data_manager.layer", 
  "fields": {
    "layer_type": "XYZ", 
    "themes": [], 
    "is_sublayer": false, 
    "compress_display": false, 
    "map_tiles": null, 
    "legend_subtitle": "", 
    "filterable": false, 
    "vector_graphic": "", 
    "kml": null, 
    "source": "", 
    "lookup_table": [], 
    "proj": null, 
    "utfurl": "", 
    "data_download": "", 
    "metadata": "", 
    "opacity": 0.5, 
    "vector_color": "", 
    "attribute_event": "click", 
    "description": "Relative intensity of commercial fixed gear fishing off the U.S. West Coast (June 12, 2006 - December 31, 2010)", 
    "attribute_fields": [], 
    "vector_fill": null, 
    "data_overview": null, 
    "slug_name": "fixed-gear-intensity-2006-2010", 
    "summarize_to_grid": false, 
    "lookup_field": "", 
    "legend": "", 
    "shareable_url": true, 
    "data_source": "", 
    "data_notes": "", 
    "name": "Fixed Gear Intensity (2006-2010)", 
    "sublayers": [], 
    "url": "http://tiles.ecotrust.org/tiles/PEW_fishing_effort_intensity_after_fixed_gear/${z}/${x}/${y}.png", 
    "proxy_url": false, 
    "arcgis_layers": "", 
    "bookmark": null, 
    "legend_title": "", 
    "attribute_title": "", 
    "utfjsonp": false, 
    "wms_slug": null
  }
},
{
  "pk": 415, 
  "model": "data_manager.layer", 
  "fields": {
    "layer_type": "XYZ", 
    "themes": [], 
    "is_sublayer": false, 
    "compress_display": false, 
    "map_tiles": null, 
    "legend_subtitle": "", 
    "filterable": false, 
    "vector_graphic": "", 
    "kml": null, 
    "source": "", 
    "lookup_table": [], 
    "proj": null, 
    "utfurl": "", 
    "data_download": "", 
    "metadata": "", 
    "opacity": 0.5, 
    "vector_color": "", 
    "attribute_event": "click", 
    "description": "Relative intensity of commercial mid-water trawling off the U.S. West Coast (June 12, 2006 - December 31, 2010)", 
    "attribute_fields": [], 
    "vector_fill": null, 
    "data_overview": null, 
    "slug_name": "mid-trawl-intensity-2006-2010", 
    "summarize_to_grid": false, 
    "lookup_field": "", 
    "legend": "", 
    "shareable_url": true, 
    "data_source": "", 
    "data_notes": "", 
    "name": "Mid Trawl Intensity (2006-2010)", 
    "sublayers": [], 
    "url": "http://tiles.ecotrust.org/tiles/PEW_fishing_effort_intensity_after_fixed_gear/${z}/${x}/${y}.png", 
    "proxy_url": false, 
    "arcgis_layers": "", 
    "bookmark": null, 
    "legend_title": "", 
    "attribute_title": "", 
    "utfjsonp": false, 
    "wms_slug": null
  }
},
{
  "pk": 416, 
  "model": "data_manager.layer", 
  "fields": {
    "layer_type": "XYZ", 
    "themes": [], 
    "is_sublayer": false, 
    "compress_display": false, 
    "map_tiles": null, 
    "legend_subtitle": "", 
    "filterable": false, 
    "vector_graphic": "", 
    "kml": null, 
    "source": "", 
    "lookup_table": [], 
    "proj": null, 
    "utfurl": "", 
    "data_download": "", 
    "metadata": "", 
    "opacity": 0.5, 
    "vector_color": "", 
    "attribute_event": "click", 
    "description": "Relative intensity of commercial bottom trawling off the U.S. West Coast (January 1, 2002 - June 11, 2006)", 
    "attribute_fields": [], 
    "vector_fill": null, 
    "data_overview": null, 
    "slug_name": "bottom-trawl-intensity-2002-2006", 
    "summarize_to_grid": false, 
    "lookup_field": "", 
    "legend": "", 
    "shareable_url": true, 
    "data_source": "", 
    "data_notes": "", 
    "name": "Bottom Trawl Intensity (2002-2006)", 
    "sublayers": [], 
    "url": "http://tiles.ecotrust.org/tiles/PEW_fishing_effort_intensity_before_bottom_trawl/${z}/${x}/${y}.png", 
    "proxy_url": false, 
    "arcgis_layers": "", 
    "bookmark": null, 
    "legend_title": "", 
    "attribute_title": "", 
    "utfjsonp": false, 
    "wms_slug": null
  }
},
{
  "pk": 417, 
  "model": "data_manager.layer", 
  "fields": {
    "layer_type": "XYZ", 
    "themes": [], 
    "is_sublayer": false, 
    "compress_display": false, 
    "map_tiles": null, 
    "legend_subtitle": "", 
    "filterable": false, 
    "vector_graphic": "", 
    "kml": null, 
    "source": "", 
    "lookup_table": [], 
    "proj": null, 
    "utfurl": "", 
    "data_download": "", 
    "metadata": "", 
    "opacity": 0.5, 
    "vector_color": "", 
    "attribute_event": "click", 
    "description": "Relative intensity of commercial fixed gear fishing off the U.S. West Coast (January 1, 2002 - June 11, 2006)", 
    "attribute_fields": [], 
    "vector_fill": null, 
    "data_overview": null, 
    "slug_name": "fixed-gear-intensity-2002-2006", 
    "summarize_to_grid": false, 
    "lookup_field": "", 
    "legend": "", 
    "shareable_url": true, 
    "data_source": "", 
    "data_notes": "", 
    "name": "Fixed Gear Intensity (2002-2006)", 
    "sublayers": [], 
    "url": "http://tiles.ecotrust.org/tiles/PEW_fishing_effort_intensity_before_fixed_gear/${z}/${x}/${y}.png", 
    "proxy_url": false, 
    "arcgis_layers": "", 
    "bookmark": null, 
    "legend_title": "", 
    "attribute_title": "", 
    "utfjsonp": false, 
    "wms_slug": null
  }
},
{
  "pk": 418, 
  "model": "data_manager.layer", 
  "fields": {
    "layer_type": "XYZ", 
    "themes": [], 
    "is_sublayer": false, 
    "compress_display": false, 
    "map_tiles": null, 
    "legend_subtitle": "", 
    "filterable": false, 
    "vector_graphic": "", 
    "kml": null, 
    "source": "", 
    "lookup_table": [], 
    "proj": null, 
    "utfurl": "", 
    "data_download": "", 
    "metadata": "", 
    "opacity": 0.5, 
    "vector_color": "", 
    "attribute_event": "click", 
    "description": "Relative intensity of commercial mid-water trawling off the U.S. West Coast (January 1, 2002 - June 11, 2006)", 
    "attribute_fields": [], 
    "vector_fill": null, 
    "data_overview": null, 
    "slug_name": "mid-trawl-intensity-2002-2006", 
    "summarize_to_grid": false, 
    "lookup_field": "", 
    "legend": "", 
    "shareable_url": true, 
    "data_source": "", 
    "data_notes": "", 
    "name": "Mid Trawl Intensity (2002-2006)", 
    "sublayers": [], 
    "url": "http://tiles.ecotrust.org/tiles/PEW_fishing_effort_intensity_before_midwater_trawl/${z}/${x}/${y}.png", 
    "proxy_url": false, 
    "arcgis_layers": "", 
    "bookmark": null, 
    "legend_title": "", 
    "attribute_title": "", 
    "utfjsonp": false, 
    "wms_slug": null
  }
},
{
  "pk": 419, 
  "model": "data_manager.layer", 
  "fields": {
    "layer_type": "XYZ", 
    "themes": [], 
    "is_sublayer": false, 
    "compress_display": false, 
    "map_tiles": null, 
    "legend_subtitle": "", 
    "filterable": false, 
    "vector_graphic": "", 
    "kml": null, 
    "source": "", 
    "lookup_table": [], 
    "proj": null, 
    "utfurl": "", 
    "data_download": "", 
    "metadata": "", 
    "opacity": 0.5, 
    "vector_color": "", 
    "attribute_event": "click", 
    "description": "Habitat areas of particular concern - estuary", 
    "attribute_fields": [], 
    "vector_fill": null, 
    "data_overview": null, 
    "slug_name": "hapc-estuary", 
    "summarize_to_grid": false, 
    "lookup_field": "", 
    "legend": "", 
    "shareable_url": true, 
    "data_source": "", 
    "data_notes": "", 
    "name": "HAPC- Estuary", 
    "sublayers": [], 
    "url": "http://tiles.ecotrust.org/tiles/PEW_HAPC_Estuary/${z}/${x}/${y}.png", 
    "proxy_url": false, 
    "arcgis_layers": "", 
    "bookmark": null, 
    "legend_title": "", 
    "attribute_title": "", 
    "utfjsonp": false, 
    "wms_slug": null
  }
},
{
  "pk": 420, 
  "model": "data_manager.layer", 
  "fields": {
    "layer_type": "XYZ", 
    "themes": [], 
    "is_sublayer": false, 
    "compress_display": false, 
    "map_tiles": null, 
    "legend_subtitle": "", 
    "filterable": false, 
    "vector_graphic": "", 
    "kml": null, 
    "source": "", 
    "lookup_table": [], 
    "proj": null, 
    "utfurl": "", 
    "data_download": "", 
    "metadata": "", 
    "opacity": 0.5, 
    "vector_color": "", 
    "attribute_event": "click", 
    "description": "Habitat areas of particular concern - canopy kelp", 
    "attribute_fields": [], 
    "vector_fill": null, 
    "data_overview": null, 
    "slug_name": "hapc-canopy-kelp", 
    "summarize_to_grid": false, 
    "lookup_field": "", 
    "legend": "", 
    "shareable_url": true, 
    "data_source": "", 
    "data_notes": "", 
    "name": "HAPC- Canopy Kelp", 
    "sublayers": [], 
    "url": "http://tiles.ecotrust.org/tiles/PEW_HAPC_Kelp/${z}/${x}/${y}.png", 
    "proxy_url": false, 
    "arcgis_layers": "", 
    "bookmark": null, 
    "legend_title": "", 
    "attribute_title": "", 
    "utfjsonp": false, 
    "wms_slug": null
  }
},
{
  "pk": 421, 
  "model": "data_manager.layer", 
  "fields": {
    "layer_type": "XYZ", 
    "themes": [], 
    "is_sublayer": false, 
    "compress_display": false, 
    "map_tiles": null, 
    "legend_subtitle": "", 
    "filterable": false, 
    "vector_graphic": "", 
    "kml": null, 
    "source": "", 
    "lookup_table": [], 
    "proj": null, 
    "utfurl": "", 
    "data_download": "", 
    "metadata": "", 
    "opacity": 0.5, 
    "vector_color": "", 
    "attribute_event": "click", 
    "description": "Habitat areas of particular concern - rocky reef", 
    "attribute_fields": [], 
    "vector_fill": null, 
    "data_overview": null, 
    "slug_name": "hapc-rocky-reef", 
    "summarize_to_grid": false, 
    "lookup_field": "", 
    "legend": "", 
    "shareable_url": true, 
    "data_source": "", 
    "data_notes": "", 
    "name": "HAPC- Rocky Reef", 
    "sublayers": [], 
    "url": "http://tiles.ecotrust.org/tiles/PEW_HAPC_rocky/${z}/${x}/${y}.png", 
    "proxy_url": false, 
    "arcgis_layers": "", 
    "bookmark": null, 
    "legend_title": "", 
    "attribute_title": "", 
    "utfjsonp": false, 
    "wms_slug": null
  }
},
{
  "pk": 422, 
  "model": "data_manager.layer", 
  "fields": {
    "layer_type": "XYZ", 
    "themes": [], 
    "is_sublayer": false, 
    "compress_display": false, 
    "map_tiles": null, 
    "legend_subtitle": "", 
    "filterable": false, 
    "vector_graphic": "", 
    "kml": null, 
    "source": "", 
    "lookup_table": [], 
    "proj": null, 
    "utfurl": "", 
    "data_download": "", 
    "metadata": "", 
    "opacity": 0.5, 
    "vector_color": "", 
    "attribute_event": "click", 
    "description": "Habitat areas of particular concern - seagrass", 
    "attribute_fields": [], 
    "vector_fill": null, 
    "data_overview": null, 
    "slug_name": "hapc-seagrass", 
    "summarize_to_grid": false, 
    "lookup_field": "", 
    "legend": "", 
    "shareable_url": true, 
    "data_source": "", 
    "data_notes": "", 
    "name": "HAPC- Seagrass", 
    "sublayers": [], 
    "url": "http://tiles.ecotrust.org/tiles/PEW_HAPC_Seagrass/${z}/${x}/${y}.png", 
    "proxy_url": false, 
    "arcgis_layers": "", 
    "bookmark": null, 
    "legend_title": "", 
    "attribute_title": "", 
    "utfjsonp": false, 
    "wms_slug": null
  }
},
{
  "pk": 423, 
  "model": "data_manager.layer", 
  "fields": {
    "layer_type": "XYZ", 
    "themes": [], 
    "is_sublayer": false, 
    "compress_display": false, 
    "map_tiles": null, 
    "legend_subtitle": "", 
    "filterable": false, 
    "vector_graphic": "", 
    "kml": null, 
    "source": "", 
    "lookup_table": [], 
    "proj": null, 
    "utfurl": "", 
    "data_download": "", 
    "metadata": "", 
    "opacity": 0.5, 
    "vector_color": "", 
    "attribute_event": "click", 
    "description": "Current/proposed marine energy projects and lease blocks", 
    "attribute_fields": [], 
    "vector_fill": null, 
    "data_overview": null, 
    "slug_name": "marine-energy-projectslease-blocks", 
    "summarize_to_grid": false, 
    "lookup_field": "", 
    "legend": "", 
    "shareable_url": true, 
    "data_source": "", 
    "data_notes": "", 
    "name": "Marine Energy Projects/Lease Blocks", 
    "sublayers": [], 
    "url": "http://tiles.ecotrust.org/tiles/PEW_marine_energy_projects/${z}/${x}/${y}.png", 
    "proxy_url": false, 
    "arcgis_layers": "", 
    "bookmark": null, 
    "legend_title": "", 
    "attribute_title": "", 
    "utfjsonp": false, 
    "wms_slug": null
  }
},
{
  "pk": 424, 
  "model": "data_manager.layer", 
  "fields": {
    "layer_type": "XYZ", 
    "themes": [], 
    "is_sublayer": false, 
    "compress_display": false, 
    "map_tiles": null, 
    "legend_subtitle": "", 
    "filterable": false, 
    "vector_graphic": "", 
    "kml": null, 
    "source": "", 
    "lookup_table": [], 
    "proj": null, 
    "utfurl": "", 
    "data_download": "", 
    "metadata": "", 
    "opacity": 0.5, 
    "vector_color": "", 
    "attribute_event": "click", 
    "description": "Marine protected areas under federal, state, local, and tribal jurisdiction", 
    "attribute_fields": [], 
    "vector_fill": null, 
    "data_overview": null, 
    "slug_name": "marine-protected-areas-mpa", 
    "summarize_to_grid": false, 
    "lookup_field": "", 
    "legend": "", 
    "shareable_url": true, 
    "data_source": "", 
    "data_notes": "", 
    "name": "Marine Protected Areas (MPA)", 
    "sublayers": [], 
    "url": "http://tiles.ecotrust.org/tiles/PEW_MPA_all/${z}/${x}/${y}.png", 
    "proxy_url": false, 
    "arcgis_layers": "", 
    "bookmark": null, 
    "legend_title": "", 
    "attribute_title": "", 
    "utfjsonp": false, 
    "wms_slug": null
  }
},
{
  "pk": 425, 
  "model": "data_manager.layer", 
  "fields": {
    "layer_type": "XYZ", 
    "themes": [], 
    "is_sublayer": false, 
    "compress_display": false, 
    "map_tiles": null, 
    "legend_subtitle": "", 
    "filterable": false, 
    "vector_graphic": "", 
    "kml": null, 
    "source": "", 
    "lookup_table": [], 
    "proj": null, 
    "utfurl": "", 
    "data_download": "", 
    "metadata": "", 
    "opacity": 0.5, 
    "vector_color": "", 
    "attribute_event": "click", 
    "description": "Marine protected areas prohibiting bottom trawl fishing", 
    "attribute_fields": [], 
    "vector_fill": null, 
    "data_overview": null, 
    "slug_name": "mpa-prohibit-bottom-trawl", 
    "summarize_to_grid": false, 
    "lookup_field": "", 
    "legend": "", 
    "shareable_url": true, 
    "data_source": "", 
    "data_notes": "", 
    "name": "MPA Prohibit Bottom Trawl", 
    "sublayers": [], 
    "url": "http://tiles.ecotrust.org/tiles/PEW_MPA_prohibit_bottom_trawl/${z}/${x}/${y}.png", 
    "proxy_url": false, 
    "arcgis_layers": "", 
    "bookmark": null, 
    "legend_title": "", 
    "attribute_title": "", 
    "utfjsonp": false, 
    "wms_slug": null
  }
},
{
  "pk": 426, 
  "model": "data_manager.layer", 
  "fields": {
    "layer_type": "XYZ", 
    "themes": [], 
    "is_sublayer": false, 
    "compress_display": false, 
    "map_tiles": null, 
    "legend_subtitle": "", 
    "filterable": false, 
    "vector_graphic": "", 
    "kml": null, 
    "source": "", 
    "lookup_table": [], 
    "proj": null, 
    "utfurl": "", 
    "data_download": "", 
    "metadata": "", 
    "opacity": 0.5, 
    "vector_color": "", 
    "attribute_event": "click", 
    "description": "Marine protected areas prohibiting fixed gear fishing", 
    "attribute_fields": [], 
    "vector_fill": null, 
    "data_overview": null, 
    "slug_name": "mpa-prohibit-fixed-gear", 
    "summarize_to_grid": false, 
    "lookup_field": "", 
    "legend": "", 
    "shareable_url": true, 
    "data_source": "", 
    "data_notes": "", 
    "name": "MPA Prohibit Fixed Gear", 
    "sublayers": [], 
    "url": "http://tiles.ecotrust.org/tiles/PEW_MPA_prohibit_fixed_gear/${z}/${x}/${y}.png", 
    "proxy_url": false, 
    "arcgis_layers": "", 
    "bookmark": null, 
    "legend_title": "", 
    "attribute_title": "", 
    "utfjsonp": false, 
    "wms_slug": null
  }
},
{
  "pk": 427, 
  "model": "data_manager.layer", 
  "fields": {
    "layer_type": "XYZ", 
    "themes": [], 
    "is_sublayer": false, 
    "compress_display": false, 
    "map_tiles": null, 
    "legend_subtitle": "", 
    "filterable": false, 
    "vector_graphic": "", 
    "kml": null, 
    "source": "", 
    "lookup_table": [], 
    "proj": null, 
    "utfurl": "", 
    "data_download": "", 
    "metadata": "", 
    "opacity": 0.5, 
    "vector_color": "", 
    "attribute_event": "click", 
    "description": "Marine protected areas prohibiting mid-water trawl fishing", 
    "attribute_fields": [], 
    "vector_fill": null, 
    "data_overview": null, 
    "slug_name": "mpa-prohibit-mid-water-trawl", 
    "summarize_to_grid": false, 
    "lookup_field": "", 
    "legend": "", 
    "shareable_url": true, 
    "data_source": "", 
    "data_notes": "", 
    "name": "MPA Prohibit Mid-water Trawl", 
    "sublayers": [], 
    "url": "http://tiles.ecotrust.org/tiles/PEW_MPA_prohibit_midwater_trawl/${z}/${x}/${y}.png", 
    "proxy_url": false, 
    "arcgis_layers": "", 
    "bookmark": null, 
    "legend_title": "", 
    "attribute_title": "", 
    "utfjsonp": false, 
    "wms_slug": null
  }
},
{
  "pk": 428, 
  "model": "data_manager.layer", 
  "fields": {
    "layer_type": "XYZ", 
    "themes": [], 
    "is_sublayer": false, 
    "compress_display": false, 
    "map_tiles": null, 
    "legend_subtitle": "", 
    "filterable": false, 
    "vector_graphic": "", 
    "kml": null, 
    "source": "", 
    "lookup_table": [], 
    "proj": null, 
    "utfurl": "", 
    "data_download": "", 
    "metadata": "", 
    "opacity": 0.5, 
    "vector_color": "", 
    "attribute_event": "click", 
    "description": "Marine protected areas prohibiting or restricting commercial fishing", 
    "attribute_fields": [], 
    "vector_fill": null, 
    "data_overview": null, 
    "slug_name": "mpa-prohibitrestrict-comm-fishing", 
    "summarize_to_grid": false, 
    "lookup_field": "", 
    "legend": "", 
    "shareable_url": true, 
    "data_source": "", 
    "data_notes": "", 
    "name": "MPA Prohibit/Restrict Comm. Fishing", 
    "sublayers": [], 
    "url": "http://tiles.ecotrust.org/tiles/PEW_MPA_prohibit_restrict_commercial_fishing/${z}/${x}/${y}.png", 
    "proxy_url": false, 
    "arcgis_layers": "", 
    "bookmark": null, 
    "legend_title": "", 
    "attribute_title": "", 
    "utfjsonp": false, 
    "wms_slug": null
  }
},
{
  "pk": 429, 
  "model": "data_manager.layer", 
  "fields": {
    "layer_type": "XYZ", 
    "themes": [], 
    "is_sublayer": false, 
    "compress_display": false, 
    "map_tiles": null, 
    "legend_subtitle": "", 
    "filterable": false, 
    "vector_graphic": "", 
    "kml": null, 
    "source": "", 
    "lookup_table": [], 
    "proj": null, 
    "utfurl": "", 
    "data_download": "", 
    "metadata": "", 
    "opacity": 0.5, 
    "vector_color": "", 
    "attribute_event": "click", 
    "description": "National Marine Sanctuaries (NMS)", 
    "attribute_fields": [], 
    "vector_fill": null, 
    "data_overview": null, 
    "slug_name": "national-marine-sanctuaries-nms", 
    "summarize_to_grid": false, 
    "lookup_field": "", 
    "legend": "", 
    "shareable_url": true, 
    "data_source": "", 
    "data_notes": "", 
    "name": "National Marine Sanctuaries (NMS)", 
    "sublayers": [], 
    "url": "http://tiles.ecotrust.org/tiles/PEW_national_marine_sanctuaries/${z}/${x}/${y}.png", 
    "proxy_url": false, 
    "arcgis_layers": "", 
    "bookmark": null, 
    "legend_title": "", 
    "attribute_title": "", 
    "utfjsonp": false, 
    "wms_slug": null
  }
},
{
  "pk": 430, 
  "model": "data_manager.layer", 
  "fields": {
    "layer_type": "XYZ", 
    "themes": [], 
    "is_sublayer": false, 
    "compress_display": false, 
    "map_tiles": null, 
    "legend_subtitle": "", 
    "filterable": false, 
    "vector_graphic": "", 
    "kml": null, 
    "source": "", 
    "lookup_table": [], 
    "proj": null, 
    "utfurl": "", 
    "data_download": "", 
    "metadata": "", 
    "opacity": 0.5, 
    "vector_color": "", 
    "attribute_event": "click", 
    "description": "3, 12, 24 nautical mile boundaries", 
    "attribute_fields": [], 
    "vector_fill": null, 
    "data_overview": null, 
    "slug_name": "3-12-24-nm-boundaries", 
    "summarize_to_grid": false, 
    "lookup_field": "", 
    "legend": "", 
    "shareable_url": true, 
    "data_source": "", 
    "data_notes": "", 
    "name": "3, 12, 24 NM boundaries", 
    "sublayers": [], 
    "url": "http://tiles.ecotrust.org/tiles/PEW_nautical_mile_limits/${z}/${x}/${y}.png", 
    "proxy_url": false, 
    "arcgis_layers": "", 
    "bookmark": null, 
    "legend_title": "", 
    "attribute_title": "", 
    "utfjsonp": false, 
    "wms_slug": null
  }
},
{
  "pk": 431, 
  "model": "data_manager.layer", 
  "fields": {
    "layer_type": "XYZ", 
    "themes": [], 
    "is_sublayer": false, 
    "compress_display": false, 
    "map_tiles": null, 
    "legend_subtitle": "", 
    "filterable": false, 
    "vector_graphic": "", 
    "kml": null, 
    "source": "", 
    "lookup_table": [], 
    "proj": null, 
    "utfurl": "", 
    "data_download": "", 
    "metadata": "", 
    "opacity": 0.5, 
    "vector_color": "", 
    "attribute_event": "click", 
    "description": "Observations of deep-sea corals and sponges off the U.S. West Coast (numerous sources)", 
    "attribute_fields": [], 
    "vector_fill": null, 
    "data_overview": null, 
    "slug_name": "obs-of-deep-sea-coralssponges", 
    "summarize_to_grid": false, 
    "lookup_field": "", 
    "legend": "", 
    "shareable_url": true, 
    "data_source": "", 
    "data_notes": "", 
    "name": "Obs. of Deep-sea Corals/Sponges", 
    "sublayers": [], 
    "url": "http://tiles.ecotrust.org/tiles/PEW_NOAA_Coral_and_Sponge_Observations/${z}/${x}/${y}.png", 
    "proxy_url": false, 
    "arcgis_layers": "", 
    "bookmark": null, 
    "legend_title": "", 
    "attribute_title": "", 
    "utfjsonp": false, 
    "wms_slug": null
  }
},
{
  "pk": 432, 
  "model": "data_manager.layer", 
  "fields": {
    "layer_type": "XYZ", 
    "themes": [], 
    "is_sublayer": false, 
    "compress_display": false, 
    "map_tiles": null, 
    "legend_subtitle": "", 
    "filterable": false, 
    "vector_graphic": "", 
    "kml": null, 
    "source": "", 
    "lookup_table": [], 
    "proj": null, 
    "utfurl": "", 
    "data_download": "", 
    "metadata": "", 
    "opacity": 0.5, 
    "vector_color": "", 
    "attribute_event": "click", 
    "description": "Summarized pennatulid (sea pen/sea whip) presence within 1x1 km cells", 
    "attribute_fields": [], 
    "vector_fill": null, 
    "data_overview": null, 
    "slug_name": "sum-sea-pensea-whip-presence-1km", 
    "summarize_to_grid": false, 
    "lookup_field": "", 
    "legend": "", 
    "shareable_url": true, 
    "data_source": "", 
    "data_notes": "", 
    "name": "Sum. Sea Pen/Sea Whip Presence (1km)", 
    "sublayers": [], 
    "url": "http://tiles.ecotrust.org/tiles/PEW_Pennatulid_1km_presence/${z}/${x}/${y}.png", 
    "proxy_url": false, 
    "arcgis_layers": "", 
    "bookmark": null, 
    "legend_title": "", 
    "attribute_title": "", 
    "utfjsonp": false, 
    "wms_slug": null
  }
},
{
  "pk": 433, 
  "model": "data_manager.layer", 
  "fields": {
    "layer_type": "XYZ", 
    "themes": [], 
    "is_sublayer": false, 
    "compress_display": false, 
    "map_tiles": null, 
    "legend_subtitle": "", 
    "filterable": false, 
    "vector_graphic": "", 
    "kml": null, 
    "source": "", 
    "lookup_table": [], 
    "proj": null, 
    "utfurl": "", 
    "data_download": "", 
    "metadata": "", 
    "opacity": 0.5, 
    "vector_color": "", 
    "attribute_event": "click", 
    "description": "Summarized pennatulid (sea pen/sea whip) relative abundance within 2x2 km cells", 
    "attribute_fields": [], 
    "vector_fill": null, 
    "data_overview": null, 
    "slug_name": "sum-sea-pensea-whip-rel-ab-2km", 
    "summarize_to_grid": false, 
    "lookup_field": "", 
    "legend": "", 
    "shareable_url": true, 
    "data_source": "", 
    "data_notes": "", 
    "name": "Sum. Sea Pen/Sea Whip Rel. Ab. (2km)", 
    "sublayers": [], 
    "url": "http://tiles.ecotrust.org/tiles/PEW_Pennatulid_2km_abundance/${z}/${x}/${y}.png", 
    "proxy_url": false, 
    "arcgis_layers": "", 
    "bookmark": null, 
    "legend_title": "", 
    "attribute_title": "", 
    "utfjsonp": false, 
    "wms_slug": null
  }
},
{
  "pk": 434, 
  "model": "data_manager.layer", 
  "fields": {
    "layer_type": "XYZ", 
    "themes": [], 
    "is_sublayer": false, 
    "compress_display": false, 
    "map_tiles": null, 
    "legend_subtitle": "", 
    "filterable": false, 
    "vector_graphic": "", 
    "kml": null, 
    "source": "", 
    "lookup_table": [], 
    "proj": null, 
    "utfurl": "", 
    "data_download": "", 
    "metadata": "", 
    "opacity": 0.5, 
    "vector_color": "", 
    "attribute_event": "click", 
    "description": "5x5 nautial mile planning unit grid", 
    "attribute_fields": [], 
    "vector_fill": null, 
    "data_overview": null, 
    "slug_name": "planning-unit-grid-5nm", 
    "summarize_to_grid": false, 
    "lookup_field": "", 
    "legend": "", 
    "shareable_url": true, 
    "data_source": "", 
    "data_notes": "", 
    "name": "Planning Unit Grid (5nm)", 
    "sublayers": [], 
    "url": "http://tiles.ecotrust.org/tiles/PEW_planning_unit_grid_5nm/${z}/${x}/${y}.png", 
    "proxy_url": false, 
    "arcgis_layers": "", 
    "bookmark": null, 
    "legend_title": "", 
    "attribute_title": "", 
    "utfjsonp": false, 
    "wms_slug": null
  }
},
{
  "pk": 435, 
  "model": "data_manager.layer", 
  "fields": {
    "layer_type": "XYZ", 
    "themes": [], 
    "is_sublayer": false, 
    "compress_display": false, 
    "map_tiles": null, 
    "legend_subtitle": "", 
    "filterable": false, 
    "vector_graphic": "", 
    "kml": null, 
    "source": "", 
    "lookup_table": [], 
    "proj": null, 
    "utfurl": "", 
    "data_download": "", 
    "metadata": "", 
    "opacity": 0.5, 
    "vector_color": "", 
    "attribute_event": "click", 
    "description": "Shoreline", 
    "attribute_fields": [], 
    "vector_fill": null, 
    "data_overview": null, 
    "slug_name": "shoreline", 
    "summarize_to_grid": false, 
    "lookup_field": "", 
    "legend": "", 
    "shareable_url": true, 
    "data_source": "", 
    "data_notes": "", 
    "name": "Shoreline", 
    "sublayers": [], 
    "url": "http://tiles.ecotrust.org/tiles/PEW_shoreline_boundary/${z}/${x}/${y}.png", 
    "proxy_url": false, 
    "arcgis_layers": "", 
    "bookmark": null, 
    "legend_title": "", 
    "attribute_title": "", 
    "utfjsonp": false, 
    "wms_slug": null
  }
},
{
  "pk": 436, 
  "model": "data_manager.layer", 
  "fields": {
    "layer_type": "XYZ", 
    "themes": [], 
    "is_sublayer": false, 
    "compress_display": false, 
    "map_tiles": null, 
    "legend_subtitle": "", 
    "filterable": false, 
    "vector_graphic": "", 
    "kml": null, 
    "source": "", 
    "lookup_table": [], 
    "proj": null, 
    "utfurl": "", 
    "data_download": "", 
    "metadata": "", 
    "opacity": 0.5, 
    "vector_color": "", 
    "attribute_event": "click", 
    "description": "Fathom contours (25 fathom increments)", 
    "attribute_fields": [], 
    "vector_fill": null, 
    "data_overview": null, 
    "slug_name": "fathom-contours-increments-of-25", 
    "summarize_to_grid": false, 
    "lookup_field": "", 
    "legend": "", 
    "shareable_url": true, 
    "data_source": "", 
    "data_notes": "", 
    "name": "Fathom Contours (increments of 25)", 
    "sublayers": [], 
    "url": "http://tiles.ecotrust.org/tiles/PEW_SRTM30_25fa_contours/${z}/${x}/${y}.png", 
    "proxy_url": false, 
    "arcgis_layers": "", 
    "bookmark": null, 
    "legend_title": "", 
    "attribute_title": "", 
    "utfjsonp": false, 
    "wms_slug": null
  }
},
{
  "pk": 437, 
  "model": "data_manager.layer", 
  "fields": {
    "layer_type": "XYZ", 
    "themes": [], 
    "is_sublayer": false, 
    "compress_display": false, 
    "map_tiles": null, 
    "legend_subtitle": "", 
    "filterable": false, 
    "vector_graphic": "", 
    "kml": null, 
    "source": "", 
    "lookup_table": [], 
    "proj": null, 
    "utfurl": "", 
    "data_download": "", 
    "metadata": "", 
    "opacity": 0.5, 
    "vector_color": "", 
    "attribute_event": "click", 
    "description": "Seafloor bathymetry (hard, mixed, or soft) plus inferred rock (slopes greater than 10\u00b0 offshore Oregon only)", 
    "attribute_fields": [], 
    "vector_fill": null, 
    "data_overview": null, 
    "slug_name": "seafloor-bathymetry", 
    "summarize_to_grid": false, 
    "lookup_field": "", 
    "legend": "", 
    "shareable_url": true, 
    "data_source": "", 
    "data_notes": "", 
    "name": "Seafloor Bathymetry", 
    "sublayers": [], 
    "url": "http://tiles.ecotrust.org/tiles/PEW_substrate/${z}/${x}/${y}.png", 
    "proxy_url": false, 
    "arcgis_layers": "", 
    "bookmark": null, 
    "legend_title": "", 
    "attribute_title": "", 
    "utfjsonp": false, 
    "wms_slug": null
  }
},
{
  "pk": 438, 
  "model": "data_manager.layer", 
  "fields": {
    "layer_type": "XYZ", 
    "themes": [], 
    "is_sublayer": false, 
    "compress_display": false, 
    "map_tiles": null, 
    "legend_subtitle": "", 
    "filterable": false, 
    "vector_graphic": "", 
    "kml": null, 
    "source": "", 
    "lookup_table": [], 
    "proj": null, 
    "utfurl": "", 
    "data_download": "", 
    "metadata": "", 
    "opacity": 0.5, 
    "vector_color": "", 
    "attribute_event": "click", 
    "description": "Tribal lands in close proximity to the U.S. West Coast", 
    "attribute_fields": [], 
    "vector_fill": null, 
    "data_overview": null, 
    "slug_name": "tribal-lands", 
    "summarize_to_grid": false, 
    "lookup_field": "", 
    "legend": "", 
    "shareable_url": true, 
    "data_source": "", 
    "data_notes": "", 
    "name": "Tribal Lands", 
    "sublayers": [], 
    "url": "http://tiles.ecotrust.org/tiles/PEW_tribal_lands/${z}/${x}/${y}.png", 
    "proxy_url": false, 
    "arcgis_layers": "", 
    "bookmark": null, 
    "legend_title": "", 
    "attribute_title": "", 
    "utfjsonp": false, 
    "wms_slug": null
  }
},
{
  "pk": 138, 
  "model": "data_manager.attributeinfo", 
  "fields": {
    "field_name": "count", 
    "display_name": "Count", 
    "precision": null, 
    "order": 1
  }
},
{
  "pk": 139, 
  "model": "data_manager.attributeinfo", 
  "fields": {
    "field_name": "categories", 
    "display_name": "Categories", 
    "precision": null, 
    "order": 2
  }
},
{
  "pk": 168, 
  "model": "data_manager.attributeinfo", 
  "fields": {
    "field_name": "Snorker/freediving from vessel", 
    "display_name": "Snorkel / Freediving from Vessel", 
    "precision": null, 
    "order": 1
  }
},
{
  "pk": 169, 
  "model": "data_manager.attributeinfo", 
  "fields": {
    "field_name": "Watersports", 
    "display_name": "Watersports", 
    "precision": null, 
    "order": 2
  }
},
{
  "pk": 1, 
  "model": "data_manager.lookupinfo", 
  "fields": {
    "color": "#330000", 
    "dashstyle": "solid", 
    "graphic": "", 
    "value": "1", 
    "fill": true
  }
},
{
  "pk": 2, 
  "model": "data_manager.lookupinfo", 
  "fields": {
    "color": "#550000", 
    "dashstyle": "solid", 
    "graphic": "", 
    "value": "2", 
    "fill": true
  }
},
{
  "pk": 3, 
  "model": "data_manager.lookupinfo", 
  "fields": {
    "color": "#770000", 
    "dashstyle": "solid", 
    "graphic": "", 
    "value": "3", 
    "fill": true
  }
},
{
  "pk": 4, 
  "model": "data_manager.lookupinfo", 
  "fields": {
    "color": "#990000", 
    "dashstyle": "solid", 
    "graphic": "", 
    "value": "4", 
    "fill": true
  }
},
{
  "pk": 5, 
  "model": "data_manager.lookupinfo", 
  "fields": {
    "color": "#bb0000", 
    "dashstyle": "solid", 
    "graphic": "", 
    "value": "5", 
    "fill": true
  }
},
{
  "pk": 6, 
  "model": "data_manager.lookupinfo", 
  "fields": {
    "color": "#dd0000", 
    "dashstyle": "solid", 
    "graphic": "", 
    "value": "6", 
    "fill": true
  }
}
]
